Daily,AUDJPY,AUDUSD,EURGBP,EURUSD,GBPJPY,GBPUSD,USDCAD,USDCHF,USDJPY,Oil,NatGas,Copper,Gold,Soy,Corn
2/5/2016,82.67,0.7071,0.7694,1.1159,169.53,1.4503,1.3915,0.991,116.9,30.89,2.063,2.1,1157.8,867.38,365.62
2/4/2016,84.08,0.7201,0.7682,1.1208,170.37,1.4589,1.3753,0.9933,116.77,31.72,1.972,2.128,1157.6,874.25,368.62
2/3/2016,84.51,0.7168,0.7603,1.1104,172.17,1.4604,1.3781,1.0042,117.92,32.28,2.038,2.092,1141.3,877.12,370.88
2/2/2016,84.44,0.7039,0.7577,1.0919,172.88,1.441,1.4053,1.0186,119.97,29.88,2.025,2.052,1127.3,886.38,372.62
2/1/2016,86.05,0.7114,0.7544,1.0889,174.62,1.4433,1.3947,1.0198,120.98,31.62,2.152,2.051,1127.9,880.88,371.62
1/29/2016,85.76,0.7085,0.7606,1.0837,172.47,1.4247,1.3973,1.0232,121.06,33.62,2.298,2.064,1116.4,882.38,371.88
1/28/2016,84.19,0.7085,0.7617,1.0939,170.66,1.4362,1.4029,1.0136,118.83,33.22,2.182,2.049,1115.6,867.88,365.12
1/27/2016,83.38,0.7026,0.7653,1.0893,168.92,1.4233,1.4093,1.0151,118.67,32.3,2.189,2.063,1116.1,883.38,369.12
1/26/2016,82.95,0.7005,0.7575,1.0872,169.97,1.4352,1.4116,1.017,118.42,31.45,2.18,2.034,1121.7,876.13,368.88
1/25/2016,82.28,0.6955,0.7613,1.0849,168.56,1.4249,1.4291,1.0128,118.3,30.34,2.158,1.996,1106.2,880.38,369.62
1/22/2016,83.18,0.7003,0.7569,1.0797,169.45,1.4265,1.4117,1.0161,118.78,32.19,2.139,1.998,1097.2,876.38,370.12
1/21/2016,82.38,0.6998,0.7647,1.0874,167.4,1.4218,1.4263,1.0074,117.7,29.53,2.138,1.993,1099.1,878.88,366.38
1/20/2016,80.78,0.6907,0.7675,1.0891,165.94,1.4191,1.4505,1.0046,116.94,26.55,2.118,1.956,1107.1,874.38,369.12
1/19/2016,81.26,0.6907,0.7707,1.0909,166.51,1.4158,1.4579,1.0034,117.64,28.46,2.091,1.974,1089.9,883.63,367.62
1/18/2016,80.56,0.6865,0.7648,1.0893,167.13,1.4244,1.4564,1.0053,117.34,30.02,2.105,1.964,1088.5,878.38,363.25
1/15/2016,80.42,0.6869,0.7657,1.0917,166.91,1.4258,1.454,1.0025,117.06,29.42,2.1,1.94,1091.5,878.38,363.12
1/14/2016,82.46,0.6985,0.7539,1.0865,170.16,1.4414,1.4366,1.0051,118.05,31.2,2.139,1.971,1073.9,882.88,357.88
1/13/2016,81.86,0.6956,0.755,1.0877,169.55,1.4407,1.4341,1.0062,117.69,30.48,2.269,1.95,1087.5,879.88,358.12
1/12/2016,82.19,0.6986,0.7515,1.0857,169.97,1.4444,1.4263,1.0022,117.64,30.44,2.257,1.953,1085.6,874.62,355.62
1/11/2016,82.36,0.6996,0.7468,1.086,171.21,1.4544,1.4216,1.002,117.77,31.41,2.396,1.968,1096.5,861.12,351.88
1/8/2016,81.67,0.6953,0.7529,1.0932,170.54,1.452,1.417,0.9951,117.45,33.16,2.472,2.017,1097.8,865.38,357.12
1/7/2016,82.51,0.7012,0.7481,1.0936,172.02,1.4618,1.4116,0.9934,117.68,33.27,2.382,2.015,1107.7,864.38,352.88
1/6/2016,83.78,0.7072,0.737,1.0781,173.29,1.4627,1.4073,1.0075,118.47,33.97,2.267,2.08,1091.9,864.62,353.12
1/5/2016,85.25,0.7161,0.7324,1.0748,174.72,1.4672,1.3997,1.0086,119.06,35.97,2.325,2.088,1078.4,857.12,353.38
1/4/2016,85.9,0.7191,0.736,1.0832,175.79,1.4717,1.3953,1.0022,119.44,36.76,2.334,2.071,1075.1,856.12,352.12
1/1/2016,87.82,0.7298,0.7364,1.086,177.46,1.4748,1.3849,1.0015,120.33,37.04,2.337,2.126,1060.3,863.63,358.12
12/31/2015,87.59,0.728,0.7369,1.086,177.34,1.4739,1.3841,1.0021,120.32,37.04,2.337,2.126,1060.3,863.63,358.12
12/30/2015,87.81,0.7287,0.7379,1.0933,178.56,1.4816,1.3879,0.9888,120.52,36.6,2.214,2.137,1060.1,869.62,358.88
12/29/2015,87.89,0.7297,0.7371,1.0917,178.43,1.4812,1.3842,0.9931,120.47,37.87,2.372,2.125,1077.5,865.38,362.88
12/28/2015,87.28,0.7249,0.7372,1.0968,179.13,1.4877,1.3905,0.9882,120.41,36.81,2.228,2.067,1070.5,862.38,361.12
12/25/2015,87.23,0.7244,0.7351,1.0977,179.83,1.4933,1.3822,0.9876,120.42,38.1,2.029,2.111,1077.2,876.75,364.62
12/24/2015,87.67,0.7279,0.7355,1.0973,179.62,1.4917,1.3818,0.9866,120.44,38.1,2.029,2.111,1077.2,876.75,364.62
12/23/2015,87.47,0.7232,0.7336,1.091,179.85,1.4872,1.3846,0.9908,120.93,37.5,1.983,2.111,1069.4,881.62,365.12
12/22/2015,87.62,0.7237,0.7389,1.0955,179.49,1.4825,1.392,0.9867,121.08,36.14,1.888,2.097,1074.8,885.38,366.12
12/21/2015,87.13,0.719,0.7332,1.0915,180.39,1.4885,1.3959,0.9923,121.19,34.74,1.911,2.129,1081.9,890.88,372.38
12/18/2015,86.94,0.7172,0.7297,1.0868,180.55,1.4894,1.3955,0.993,121.22,34.73,1.767,2.103,1066.2,891.63,374.88
12/17/2015,87.36,0.7128,0.7266,1.0825,182.62,1.4901,1.3937,0.9952,122.56,34.95,1.755,2.034,1050.8,877.12,374.12
12/16/2015,88.39,0.7233,0.7273,1.0913,183.37,1.5004,1.378,0.99,122.22,35.52,1.79,2.061,1078,863.12,370.62
12/15/2015,87.52,0.7192,0.7266,1.0928,183,1.5035,1.373,0.9913,121.68,37.35,1.822,2.051,1062.9,866.63,377.62
12/14/2015,87.7,0.7245,0.7259,1.0992,183.26,1.5142,1.3734,0.9853,121.03,36.31,1.894,2.104,1064.7,874.62,379.12
12/11/2015,86.89,0.7188,0.7221,1.099,183.93,1.5217,1.3756,0.9834,120.86,35.62,1.99,2.108,1076.9,870.88,376.12
12/10/2015,88.55,0.7281,0.7217,1.094,184.34,1.5159,1.3624,0.9876,121.6,36.76,2.015,2.065,1073.1,878.38,379.38
12/9/2015,87.79,0.7229,0.7263,1.1025,184.35,1.5181,1.3577,0.9832,121.44,37.16,2.062,2.06,1077.6,876.38,374.12
12/8/2015,88.71,0.7216,0.7258,1.0894,184.5,1.5008,1.3584,0.992,122.92,37.51,2.07,2.048,1076.3,876.38,373.12
12/7/2015,89.67,0.7268,0.7198,1.0836,185.72,1.5053,1.3495,1.0002,123.38,37.65,2.067,2.045,1076.4,882.62,373.12
12/4/2015,90.43,0.7341,0.7204,1.0886,186.15,1.5112,1.3362,0.9969,123.17,39.97,2.186,2.074,1084.5,906.38,381.12
12/3/2015,90,0.734,0.7222,1.0941,185.69,1.5146,1.3357,0.9934,122.61,41.08,2.181,2.056,1061.7,896.62,376.12
12/2/2015,90.08,0.7309,0.7099,1.0615,184.27,1.4951,1.3343,1.0184,123.25,39.94,2.165,2.029,1054.2,892.38,370.12
12/1/2015,89.99,0.7324,0.7049,1.0632,185.3,1.5081,1.3357,1.0259,122.87,41.85,2.231,2.067,1063.8,889.25,374.12
11/30/2015,88.98,0.7228,0.7016,1.0564,185.34,1.5056,1.3362,1.0287,123.1,41.65,2.235,2.045,1065.8,881.62,372.38
11/27/2015,88.38,0.7195,0.7045,1.0593,184.73,1.5037,1.3372,1.0308,122.84,41.71,2.212,2.05,1056.2,873.88,367.38
11/26/2015,88.6,0.7227,0.7025,1.0611,185.2,1.5102,1.3293,1.0237,122.62,42.59,2.243,2.086,1070.8,875.38,372.12
11/25/2015,89,0.7251,0.7025,1.0627,185.65,1.5128,1.3286,1.0219,122.72,43.04,2.206,2.045,1070.5,875.38,372.12
11/24/2015,88.92,0.7257,0.7054,1.0641,184.87,1.5087,1.3303,1.0168,122.53,42.87,2.2,2.054,1074.3,863.12,369.62
11/23/2015,88.38,0.7195,0.7033,1.0636,185.8,1.5125,1.3364,1.0185,122.84,41.75,2.21,2.019,1066.8,864.13,372.88
11/20/2015,89,0.724,0.7008,1.0646,186.72,1.5192,1.3343,1.0187,122.91,40.39,2.145,2.054,1076.4,858.13,363.38
11/19/2015,88.39,0.7195,0.702,1.0734,187.87,1.529,1.3282,1.0128,122.86,40.54,2.276,2.076,1078,860.12,364.38
11/18/2015,87.91,0.711,0.6996,1.0659,188.38,1.5237,1.3299,1.0199,123.64,40.75,2.347,2.078,1068.8,858.13,361.88
11/17/2015,87.8,0.7111,0.6996,1.0644,187.82,1.5214,1.3319,1.0142,123.45,40.67,2.371,2.106,1068.7,863.63,362.12
11/16/2015,87.41,0.7097,0.7031,1.0687,187.21,1.5199,1.3331,1.0092,123.17,41.74,2.385,2.118,1083.7,859.12,359.88
11/13/2015,87.47,0.7131,0.7076,1.0779,186.83,1.5233,1.3323,1.0067,122.64,40.74,2.361,2.17,1080.8,855.63,358.12
11/12/2015,87.38,0.7127,0.7102,1.0817,186.75,1.5231,1.3292,1.0002,122.61,41.75,2.26,2.173,1080.8,862.88,361.62
11/11/2015,86.73,0.706,0.7063,1.0744,186.88,1.5212,1.3261,1.0049,122.84,42.93,2.263,2.216,1084.7,861.38,362.38
11/10/2015,86.6,0.7031,0.7094,1.0723,186.19,1.5117,1.3276,1.0061,123.14,44.21,2.32,2.216,1088.2,856.12,359.12
11/9/2015,86.81,0.7046,0.7112,1.0752,186.2,1.5115,1.3285,1.003,123.19,43.87,2.3,2.23,1087.9,866.12,367.12
11/6/2015,86.81,0.7048,0.7137,1.0741,185.35,1.505,1.3307,1.0069,123.16,44.29,2.371,2.241,1087.6,867.12,372.38
11/5/2015,86.97,0.7144,0.7157,1.0883,185.13,1.5206,1.3167,0.9952,121.75,45.2,2.364,2.253,1104.4,864.88,374.12
11/4/2015,86.89,0.7148,0.7062,1.0862,187.04,1.5383,1.3147,0.9929,121.56,46.32,2.262,2.32,1106.5,884.63,380.38
11/3/2015,87,0.7187,0.7111,1.0967,186.72,1.5421,1.306,0.9911,121.06,47.9,2.253,2.327,1114.2,878.88,380.12
11/2/2015,86.3,0.7146,0.7147,1.1015,186.16,1.5416,1.3095,0.9869,120.75,46.14,2.256,2.316,1135.8,878.62,376.38
10/30/2015,86.12,0.7139,0.7133,1.1005,186.12,1.5429,1.3078,0.988,120.62,46.59,2.321,2.313,1141.5,885.12,382.12
10/29/2015,85.65,0.7071,0.7169,1.0977,185.46,1.5311,1.3172,0.9894,121.13,46.06,2.257,2.316,1147.2,880.12,379.88
10/28/2015,86.17,0.7116,0.7156,1.092,184.81,1.5261,1.3192,0.9937,121.09,45.94,2.033,2.354,1177.1,883.38,375.88
10/27/2015,86.64,0.7192,0.7223,1.1049,184.27,1.5296,1.3267,0.9859,120.46,43.2,2.092,2.358,1166.8,891.12,379.62
10/26/2015,87.78,0.7249,0.7203,1.1057,185.88,1.535,1.3153,0.9836,121.09,43.98,2.062,2.357,1167,884.63,384.62
10/23/2015,87.64,0.7215,0.7195,1.1018,186.01,1.5314,1.3164,0.9787,121.47,44.6,2.286,2.35,1163.3,895.12,379.88
10/22/2015,86.98,0.7208,0.7215,1.1106,185.79,1.5394,1.3089,0.9732,120.69,45.38,2.386,2.385,1166.6,898.62,378.12
10/21/2015,86.5,0.7211,0.7353,1.1339,184.96,1.5419,1.3139,0.9597,119.95,45.2,2.404,2.364,1167.6,904.88,380.88
10/20/2015,87.01,0.726,0.7349,1.1345,185.04,1.5441,1.2978,0.9561,119.84,45.55,2.476,2.369,1178,895.88,376.88
10/19/2015,86.64,0.7251,0.7324,1.1327,184.75,1.5466,1.3019,0.9567,119.5,45.89,2.442,2.372,1173.3,890.88,372.62
10/16/2015,86.73,0.7261,0.7351,1.1346,184.37,1.5435,1.2911,0.9535,119.44,47.26,2.43,2.407,1183.6,898.12,377.12
10/15/2015,87.12,0.7329,0.7364,1.1383,183.77,1.5457,1.2865,0.9509,118.89,46.38,2.453,2.426,1187.9,905.25,375.88
10/14/2015,86.75,0.73,0.7413,1.1474,183.92,1.5477,1.2936,0.9491,118.83,46.64,2.518,2.42,1180.1,910.38,379.12
10/13/2015,86.74,0.7244,0.7465,1.1379,182.56,1.5249,1.3039,0.9579,119.75,46.66,2.498,2.392,1165.8,912.88,384.38
10/12/2015,88.37,0.7362,0.74,1.1356,184.19,1.5345,1.2996,0.9621,120.03,47.1,2.535,2.42,1164.9,887.38,380.62
10/9/2015,88.23,0.7336,0.7421,1.1358,184.07,1.5304,1.2943,0.9614,120.28,49.63,2.502,2.417,1156.3,884.88,381.88
10/8/2015,87.08,0.726,0.7348,1.1279,184.09,1.5349,1.3017,0.9662,119.94,49.43,2.498,2.347,1144.7,880.88,391.5
10/7/2015,86.5,0.7208,0.7335,1.1236,183.84,1.5318,1.3057,0.9731,120.02,47.81,2.474,2.372,1149,890.75,395.38
10/6/2015,86.17,0.7166,0.7403,1.1272,183.1,1.5227,1.3035,0.9669,120.25,48.53,2.47,2.359,1146.8,887.88,398.12
10/5/2015,85.33,0.7084,0.7386,1.1185,182.44,1.5144,1.3087,0.9752,120.46,46.26,2.45,2.36,1138.1,883.63,393.62
10/2/2015,84.5,0.7048,0.7383,1.1211,182.04,1.5182,1.3149,0.9711,119.91,45.54,2.451,2.329,1137.1,873.88,388.88
10/1/2015,84.31,0.7029,0.7399,1.1195,181.47,1.5129,1.3268,0.9771,119.94,44.74,2.433,2.308,1114.2,877.38,389.12
9/30/2015,84.14,0.7019,0.7388,1.1177,181.34,1.5129,1.3315,0.9732,119.86,45.09,2.524,2.345,1115.5,891.63,387.62
9/29/2015,83.64,0.6986,0.7425,1.1249,181.41,1.5151,1.3421,0.9715,119.73,45.23,2.586,2.253,1127.1,883.75,389.12
9/28/2015,83.83,0.6989,0.7411,1.1245,181.97,1.5174,1.3399,0.9738,119.92,44.43,2.563,2.256,1132,876.88,387.12
9/25/2015,84.69,0.7024,0.7373,1.1195,183.06,1.5182,1.3337,0.9785,120.58,45.7,2.564,2.292,1146,888.88,389.12
9/24/2015,84.36,0.7025,0.7368,1.123,183.02,1.5241,1.3301,0.9751,120.08,44.91,2.591,2.312,1153.8,867.62,381.62
9/23/2015,84.25,0.7004,0.7338,1.1186,183.4,1.5246,1.332,0.9797,120.3,44.48,2.569,2.305,1131.6,863.63,383.12
9/22/2015,85.2,0.709,0.7237,1.112,184.63,1.5365,1.327,0.9751,120.15,45.83,2.577,2.307,1125,862.12,380.38
9/21/2015,85.97,0.7131,0.7216,1.1189,186.94,1.5508,1.3256,0.9718,120.55,46.68,2.573,2.398,1133.1,873.62,384.62
9/18/2015,86.27,0.7189,0.7279,1.1305,186.38,1.5532,1.3227,0.9684,120,44.68,2.605,2.397,1138.1,867.12,376.88
9/17/2015,86.09,0.7174,0.7335,1.1437,187.1,1.5591,1.3183,0.9599,120,46.9,2.652,2.462,1117.3,884.38,380.12
9/16/2015,86.78,0.7198,0.7287,1.1289,186.79,1.5493,1.3172,0.9712,120.56,47.15,2.66,2.462,1119.2,886.62,386.12
9/15/2015,86.02,0.7142,0.7343,1.1266,184.78,1.5342,1.3248,0.9735,120.44,44.59,2.728,2.436,1102.8,888.63,390.38
9/14/2015,85.82,0.7137,0.7339,1.1321,185.47,1.5426,1.3263,0.9685,120.23,44,2.758,2.414,1107.7,883.63,393.62
9/11/2015,85.5,0.7091,0.7349,1.134,186.05,1.543,1.3262,0.9689,120.58,44.63,2.693,2.462,1103.5,874.38,386.62
9/10/2015,85.31,0.7071,0.7302,1.128,186.29,1.5446,1.3254,0.9733,120.61,45.92,2.683,2.454,1109.5,873.38,374.38
9/9/2015,84.58,0.7018,0.7292,1.1207,185.16,1.5368,1.3257,0.9748,120.51,44.15,2.651,2.442,1102.2,872.13,368.88
9/8/2015,84.06,0.7017,0.7274,1.12,184.45,1.5396,1.3208,0.9785,119.81,45.94,2.71,2.438,1120.4,878.62,368.38
9/7/2015,82.6,0.6925,0.7313,1.1167,182.13,1.527,1.3307,0.9752,119.28,44.7,2.659,2.345,1119.9,866.38,362.88
9/4/2015,82.2,0.6907,0.7347,1.1147,180.55,1.5171,1.3284,0.9719,119,46.05,2.655,2.32,1120.6,866.38,362.88
9/3/2015,84.26,0.7017,0.729,1.1123,183.21,1.5257,1.3176,0.9733,120.08,46.75,2.725,2.39,1123.7,869.88,361.38
9/2/2015,84.69,0.7038,0.7338,1.1226,184.1,1.5301,1.3266,0.9686,120.33,46.25,2.648,2.333,1132.5,873.62,367.38
9/1/2015,83.79,0.7019,0.7393,1.1319,182.69,1.5303,1.326,0.9583,119.38,45.41,2.702,2.303,1138.7,874.62,368.62
8/31/2015,86.23,0.7114,0.7309,1.1215,186,1.5343,1.3137,0.967,121.22,49.2,2.689,2.338,1131.6,887.12,375.12
8/28/2015,87.31,0.7173,0.7263,1.1179,187.35,1.5393,1.3201,0.9625,121.72,45.22,2.715,2.346,1133.1,893,362.62
8/27/2015,86.74,0.7167,0.7302,1.1245,186.39,1.54,1.3198,0.9661,121.03,42.56,2.638,2.334,1122.4,885,363.25
8/26/2015,85.41,0.7122,0.7319,1.1316,185.38,1.5459,1.3292,0.9543,119.92,38.6,2.693,2.251,1124.6,877.62,362.12
8/25/2015,84.73,0.713,0.7341,1.1517,186.47,1.5688,1.3334,0.9393,118.88,39.31,2.685,2.323,1138.2,893.75,366.12
8/24/2015,84.77,0.7158,0.7367,1.162,186.81,1.5776,1.3289,0.9306,118.42,38.24,2.65,2.269,1153.4,893.25,370.12
8/21/2015,89.34,0.7321,0.7256,1.1389,191.54,1.5697,1.3186,0.9467,122.03,40.45,2.676,2.307,1159.6,906.38,365.12
8/20/2015,90.55,0.7338,0.7166,1.1241,193.6,1.5688,1.309,0.9586,123.41,41.14,2.755,2.323,1153,920.38,370.88
8/19/2015,90.98,0.7349,0.7091,1.1119,194.12,1.5679,1.313,0.9652,123.81,40.8,2.716,2.283,1128.1,904,367.25
8/18/2015,91.31,0.734,0.7037,1.1021,194.83,1.5661,1.3059,0.9772,124.41,42.62,2.704,2.297,1117.1,912.63,365.88
8/17/2015,91.69,0.7371,0.7108,1.1081,193.86,1.5587,1.3078,0.9792,124.39,41.87,2.728,2.333,1118.6,926.63,363.38
8/14/2015,91.64,0.7371,0.71,1.1106,194.46,1.5646,1.3088,0.9759,124.31,42.5,2.801,2.364,1112.9,924.88,364.38
8/13/2015,91.58,0.736,0.7141,1.1149,194.25,1.5611,1.3057,0.9764,124.42,42.23,2.787,2.365,1115.7,937.63,363.88
8/12/2015,91.66,0.7379,0.7145,1.1157,193.94,1.5615,1.2976,0.9755,124.21,43.3,2.931,2.361,1123.2,918.75,358.62
8/11/2015,91.4,0.7305,0.7089,1.104,194.87,1.5573,1.3113,0.9878,125.13,43.08,2.844,2.341,1107.6,981.38,377.38
8/10/2015,92.39,0.7413,0.7067,1.1019,194.32,1.5587,1.3001,0.9837,124.63,44.96,2.842,2.408,1104.2,1009.12,390
8/7/2015,92.16,0.7419,0.7078,1.0969,192.5,1.5496,1.313,0.9838,124.22,43.87,2.798,2.341,1094.1,976.88,373.38
8/6/2015,91.64,0.7346,0.7043,1.0925,193.5,1.5512,1.3109,0.9808,124.74,44.66,2.813,2.348,1090.2,955.75,369.62
8/5/2015,91.88,0.7356,0.699,1.0906,194.88,1.5602,1.318,0.9791,124.9,45.15,2.798,2.353,1085.7,963.38,372.88
8/4/2015,91.79,0.7379,0.6992,1.0881,193.6,1.5563,1.3191,0.9784,124.39,45.74,2.812,2.365,1090.7,949.75,369.12
8/3/2015,90.38,0.7287,0.7026,1.0951,193.34,1.5588,1.3153,0.9693,124.03,45.17,2.748,2.348,1089.4,944.75,367.75
7/31/2015,90.54,0.7305,0.7033,1.0988,193.65,1.5624,1.3089,0.966,123.94,47.12,2.716,2.368,1094.9,953.12,371.88
7/30/2015,90.53,0.7292,0.7007,1.0933,193.69,1.5601,1.3,0.9697,124.14,48.52,2.768,2.381,1088.4,965,374.62
7/29/2015,90.42,0.7296,0.704,1.0986,193.4,1.5604,1.2946,0.968,123.94,48.79,2.886,2.408,1092.7,956.5,367.12
7/28/2015,90.66,0.7338,0.7084,1.1059,192.91,1.5611,1.2921,0.9625,123.56,47.98,2.821,2.403,1096.3,955,375.38
7/27/2015,89.61,0.7269,0.713,1.1094,191.75,1.5558,1.3039,0.9629,123.25,47.39,2.789,2.35,1096.5,938,373.12
7/24/2015,90.17,0.7282,0.708,1.0984,192.09,1.5514,1.3049,0.9631,123.82,48.14,2.776,2.381,1085.6,990.88,392.12
7/23/2015,91.16,0.7357,0.7079,1.0982,192.24,1.5514,1.3035,0.9598,123.92,48.45,2.816,2.385,1094,1010,402.88
7/22/2015,91.42,0.7375,0.7003,1.0934,193.56,1.5614,1.3034,0.9595,123.97,49.19,2.897,2.432,1091.4,1023.12,403.12
7/21/2015,91.92,0.7419,0.7029,1.0937,192.75,1.5558,1.2948,0.9587,123.89,50.36,2.882,2.478,1103.4,1019,406.75
7/20/2015,91.61,0.7372,0.6956,1.0827,193.43,1.5566,1.2995,0.9646,124.27,50.15,2.823,2.484,1106.7,1008.75,405.88
7/17/2015,91.47,0.7372,0.6937,1.083,193.67,1.5609,1.2971,0.9616,124.08,50.89,2.87,2.505,1131.8,1014.25,419.88
7/16/2015,91.93,0.7405,0.6967,1.0876,193.8,1.561,1.2954,0.9578,124.16,50.91,2.854,2.531,1143.8,1016.5,428.38
7/15/2015,91.33,0.7379,0.7002,1.0949,193.56,1.5637,1.2914,0.952,123.78,51.41,2.918,2.53,1147.2,1025.88,430.12
7/14/2015,91.94,0.7451,0.7043,1.1012,192.92,1.5636,1.2724,0.9449,123.38,53.04,2.84,2.545,1153.3,1034,427.88
7/13/2015,91.43,0.7407,0.7104,1.1003,191.19,1.5489,1.2741,0.9504,123.44,52.2,2.864,2.555,1155.2,1038.38,440.88
7/10/2015,91.4,0.7446,0.7191,1.1164,190.58,1.5526,1.2658,0.9392,122.75,52.74,2.77,2.546,1157.7,1031.62,434.38
7/9/2015,90.36,0.7447,0.7177,1.1038,186.63,1.538,1.2706,0.9479,121.34,52.78,2.726,2.558,1159,1025.88,427.62
7/8/2015,89.67,0.7429,0.7211,1.1077,185.44,1.5361,1.2747,0.9455,120.7,51.65,2.685,2.504,1163.3,994.75,424
7/7/2015,91.31,0.7452,0.7123,1.1013,189.46,1.5462,1.2704,0.9466,122.55,52.33,2.716,2.451,1152.4,993.38,423.62
7/6/2015,91.94,0.7499,0.7085,1.1057,191.29,1.5607,1.2651,0.9427,122.58,52.53,2.756,2.543,1172.9,1021.88,427
7/3/2015,92.23,0.751,0.7138,1.1114,191.23,1.5571,1.2574,0.9406,122.81,55.52,2.776,2.618,1167.8,1037,428.5
7/2/2015,93.92,0.7632,0.7101,1.1084,192.09,1.5609,1.2538,0.9435,123.06,56.93,2.822,2.635,1163,1037,428.5
7/1/2015,94.16,0.7644,0.7077,1.1054,192.38,1.5618,1.2589,0.9483,123.17,56.96,2.783,2.635,1169,1040.62,423.62
6/30/2015,94.43,0.7709,0.7089,1.1138,192.44,1.571,1.2493,0.9355,122.5,59.47,2.832,2.623,1171.5,1048.25,422.25
6/29/2015,94.1,0.7679,0.7139,1.1236,192.86,1.5738,1.2402,0.9249,122.54,58.33,2.805,2.639,1178.5,994.88,392.12
6/26/2015,94.81,0.7655,0.7088,1.1166,195.09,1.5752,1.2318,0.933,123.86,59.63,2.773,2.645,1172.9,999.62,384.62
6/25/2015,95.64,0.7737,0.7116,1.1204,194.66,1.5747,1.2329,0.9368,123.62,59.7,2.85,2.646,1171.5,998.12,376.88
6/24/2015,95.41,0.7703,0.7135,1.1207,194.51,1.5706,1.2383,0.9337,123.85,60.27,2.759,2.647,1172.6,981.88,366.12
6/23/2015,95.89,0.7736,0.7101,1.117,194.97,1.5731,1.2328,0.9343,123.95,61.01,2.726,2.634,1176.2,986.88,367.62
6/22/2015,95.35,0.7729,0.7167,1.1341,195.24,1.5825,1.2308,0.9216,123.38,59.68,2.733,2.588,1183.7,989.25,360.38
6/19/2015,95.32,0.7771,0.7147,1.1353,194.85,1.5884,1.2266,0.9176,122.67,59.61,2.816,2.592,1201.5,971.13,353.38
6/18/2015,95.89,0.7799,0.7153,1.136,195.28,1.5881,1.2222,0.9213,122.97,60.45,2.777,2.628,1201.5,976.75,358.12
6/17/2015,95.64,0.7748,0.7161,1.1337,195.42,1.5833,1.2226,0.9228,123.44,59.92,2.855,2.623,1176.4,966.63,359.38
6/16/2015,95.62,0.7752,0.7188,1.1248,193.04,1.5649,1.2294,0.9323,123.36,59.97,2.894,2.627,1180.5,958.25,353.62
6/15/2015,95.84,0.7765,0.7232,1.1283,192.55,1.5601,1.2326,0.9295,123.42,59.52,2.889,2.659,1185.3,938.5,348.38
6/12/2015,95.39,0.7731,0.7244,1.1269,191.97,1.5559,1.2322,0.9291,123.39,59.96,2.75,2.7,1178.8,939.5,353.12
6/11/2015,95.71,0.7755,0.7255,1.1258,191.52,1.5518,1.2291,0.9334,123.42,60.77,2.825,2.693,1179.9,941.12,356.62
6/10/2015,95.19,0.776,0.7293,1.1326,190.52,1.5531,1.2254,0.9315,122.67,61.43,2.891,2.772,1186.1,949.38,357.12
6/9/2015,95.62,0.7691,0.7333,1.1283,191.31,1.5386,1.2337,0.9312,124.34,60.14,2.846,2.74,1177.3,950.5,365.12
6/8/2015,95.87,0.7702,0.7356,1.1292,191.09,1.535,1.241,0.9273,124.48,58.14,2.705,2.716,1173.2,944.88,365.38
6/5/2015,95.84,0.763,0.7277,1.1113,191.85,1.5272,1.2439,0.9394,125.62,59.13,2.59,2.722,1167.8,938.63,360.88
6/4/2015,95.64,0.769,0.7314,1.1239,191.11,1.5366,1.2504,0.9335,124.38,58,2.626,2.716,1174.9,946.38,363.12
6/3/2015,96.75,0.7786,0.7348,1.1275,190.62,1.5341,1.2454,0.9339,124.25,59.64,2.634,2.751,1184.7,935.38,358.88
6/2/2015,96.47,0.7772,0.7269,1.1155,190.44,1.5344,1.2401,0.9332,124.11,61.26,2.698,2.758,1194.1,940.38,358.88
6/1/2015,94.9,0.7607,0.7188,1.0928,189.67,1.5201,1.2523,0.9459,124.78,60.2,2.649,2.741,1188.3,926.63,352.88
5/29/2015,94.86,0.7641,0.7186,1.0988,189.82,1.5291,1.2448,0.9403,124.14,60.3,2.642,2.76,1189.4,934.38,351.62
5/28/2015,94.81,0.7648,0.7149,1.0949,189.85,1.5316,1.2435,0.9436,123.95,57.68,2.706,2.793,1188.1,926.5,353.12
5/27/2015,95.57,0.7728,0.7102,1.0905,189.89,1.5355,1.2452,0.9494,123.67,57.51,2.815,2.816,1186.5,927.12,349.12
5/26/2015,95.23,0.7736,0.7067,1.0874,189.39,1.5385,1.2434,0.9533,123.11,58.03,2.822,2.853,1187.2,922.13,354.62
5/25/2015,95.11,0.7824,0.7096,1.0978,188.06,1.5471,1.2311,0.945,121.56,59.85,2.873,2.822,1207.4,924.88,360.38
5/22/2015,95.17,0.783,0.7113,1.1018,188.28,1.549,1.2279,0.9441,121.55,59.72,2.887,2.833,1204.3,924.88,360.38
5/21/2015,95.56,0.7894,0.7095,1.1113,189.57,1.5662,1.2199,0.9368,121.04,60.72,2.949,2.871,1204.4,938,364.62
5/20/2015,95.55,0.7873,0.7139,1.1093,188.56,1.5537,1.2208,0.9374,121.36,58.98,2.915,2.852,1208.9,940.88,359.62
5/19/2015,95.52,0.7914,0.7188,1.115,187.2,1.551,1.2232,0.9369,120.69,57.26,2.948,2.861,1206.9,946.38,362.38
5/18/2015,95.86,0.7989,0.7229,1.1316,187.81,1.5653,1.216,0.9266,119.99,59.43,3.01,2.93,1227.8,954.88,368.12
5/15/2015,95.83,0.8034,0.7284,1.1453,187.56,1.5723,1.2012,0.916,119.29,59.69,3.016,2.949,1225.5,952.75,364.88
5/14/2015,96.29,0.808,0.7232,1.141,188,1.5776,1.1983,0.9128,119.17,59.88,3.008,2.946,1225.4,957.62,368.12
5/13/2015,96.67,0.8113,0.7213,1.1358,187.62,1.5745,1.1957,0.9167,119.16,60.5,2.935,2.95,1218.4,957.38,362.12
5/12/2015,95.59,0.7975,0.7156,1.1214,187.84,1.5671,1.2016,0.9293,119.86,60.75,2.897,2.95,1192.6,956.38,360.62
5/11/2015,94.75,0.7891,0.7157,1.1155,187.16,1.5587,1.2104,0.9343,120.08,59.25,2.802,2.917,1183.2,974.12,360.38
5/8/2015,95.05,0.7933,0.7249,1.1204,185.18,1.5456,1.2071,0.9309,119.81,59.39,2.88,2.931,1189.1,975.13,364.12
5/7/2015,94.67,0.7907,0.739,1.1266,182.54,1.5246,1.2128,0.9217,119.73,58.94,2.734,2.926,1182.4,974.88,361.12
5/6/2015,95.2,0.7969,0.7448,1.1354,182.12,1.5245,1.2046,0.9163,119.47,60.93,2.776,2.933,1190.3,982.88,366.38
5/5/2015,95.22,0.7943,0.7368,1.1186,182.01,1.5183,1.2066,0.9263,119.85,60.4,2.78,2.94,1193.2,985,362.88
5/4/2015,94.16,0.7837,0.7371,1.1146,181.65,1.512,1.2095,0.9336,120.14,58.93,2.821,2.924,1186.8,977.12,361.12
5/1/2015,94.33,0.7852,0.739,1.1201,181.96,1.5141,1.2159,0.9326,120.17,59.15,2.776,2.932,1174.5,964.75,363.12
4/30/2015,94.36,0.7904,0.7311,1.1224,183.24,1.5351,1.2076,0.9325,119.36,59.63,2.751,2.886,1182.4,977.12,366.12
4/29/2015,95.33,0.8008,0.721,1.1132,183.77,1.544,1.2021,0.9395,119.04,58.58,2.606,2.795,1209.8,988.63,367.88
4/28/2015,95.38,0.8024,0.716,1.0981,182.31,1.5338,1.2034,0.9554,118.86,57.06,2.517,2.78,1214,977.5,364.62
4/27/2015,93.55,0.7859,0.7146,1.0889,181.4,1.5238,1.2086,0.9547,119.04,56.99,2.49,2.774,1203.3,973.88,364.88
4/24/2015,93.03,0.7818,0.7159,1.0874,180.72,1.5189,1.218,0.9541,118.98,57.15,2.531,2.752,1175.2,969.12,364.62
4/23/2015,93.02,0.7779,0.7189,1.0826,180.07,1.5058,1.2145,0.9548,119.58,57.74,2.531,2.698,1194.4,977.88,370.88
4/22/2015,92.99,0.7755,0.7134,1.0727,180.31,1.5036,1.2237,0.9717,119.92,56.16,2.606,2.67,1186.9,971.13,373.12
4/21/2015,92.25,0.771,0.7192,1.0736,178.61,1.4926,1.2281,0.9547,119.67,55.26,2.575,2.705,1202.9,974.75,373.38
4/20/2015,92.08,0.7724,0.7205,1.0737,177.69,1.4906,1.2223,0.9565,119.2,56.38,2.536,2.736,1193.5,977.38,377.88
4/17/2015,92.47,0.7776,0.7224,1.0807,177.91,1.4962,1.225,0.9519,118.92,55.74,2.634,2.784,1202.9,967.62,379.62
4/16/2015,92.87,0.7803,0.7206,1.0761,177.75,1.4935,1.2187,0.956,119.01,56.71,2.684,2.785,1198,964.88,376.38
4/15/2015,91.52,0.7681,0.72,1.0687,176.84,1.4842,1.2288,0.9646,119.15,56.39,2.61,2.729,1201.5,965.12,375.75
4/14/2015,91.03,0.7625,0.7208,1.0654,176.46,1.478,1.2486,0.9729,119.39,53.29,2.53,2.72,1192.8,960.12,372.88
4/13/2015,91.17,0.759,0.72,1.0568,176.31,1.4676,1.2595,0.978,120.14,51.91,2.511,2.737,1199.3,948.62,370.38
4/10/2015,92.39,0.7684,0.7248,1.0604,175.91,1.4631,1.2562,0.9793,120.22,51.64,2.511,2.751,1204.6,951.88,377.25
4/9/2015,92.78,0.7693,0.7244,1.0659,177.44,1.4714,1.258,0.9776,120.59,50.79,2.528,2.745,1193.6,954.62,378.38
4/8/2015,92.3,0.7683,0.7251,1.078,178.61,1.4867,1.2543,0.9667,120.14,50.42,2.619,2.748,1203.1,972.13,379.5
4/7/2015,91.81,0.7633,0.7304,1.0816,178.09,1.4808,1.2506,0.966,120.28,53.98,2.68,2.777,1210.6,971.62,383.12
4/6/2015,90.73,0.7591,0.7341,1.0923,177.88,1.4881,1.2479,0.9587,119.53,52.14,2.65,2.732,1218.6,978.88,384.88
4/3/2015,90.8,0.7631,0.7358,1.0978,177.53,1.4921,1.2484,0.9519,118.97,49.14,2.713,2.748,1200.9,984.75,386.62
4/2/2015,90.88,0.7591,0.7339,1.0883,177.52,1.4829,1.2556,0.9598,119.72,49.14,2.713,2.748,1200.9,984.75,386.62
4/1/2015,91.02,0.76,0.7261,1.0764,177.53,1.4823,1.2621,0.9667,119.77,50.09,2.605,2.756,1208.1,989,381.62
3/31/2015,91.38,0.7607,0.7242,1.0731,178.01,1.4818,1.2688,0.9726,120.14,47.6,2.64,2.747,1183.1,972.62,376.38
3/30/2015,91.91,0.7652,0.7314,1.0834,177.85,1.481,1.2675,0.9673,120.08,48.68,2.644,2.788,1184.8,969.12,394.38
3/27/2015,92.36,0.7752,0.7319,1.0889,177.24,1.4877,1.261,0.9613,119.14,48.87,2.59,2.775,1199.8,967.5,391.38
3/26/2015,93.31,0.7828,0.7329,1.0884,177.01,1.485,1.2483,0.9629,119.2,51.43,2.672,2.821,1205.1,974.5,391.12
3/25/2015,93.75,0.7845,0.7373,1.0972,177.82,1.4881,1.2516,0.9598,119.5,49.21,2.723,2.805,1197.3,978.75,394.38
3/24/2015,94.33,0.7876,0.7357,1.0926,177.85,1.4851,1.2494,0.9583,119.75,47.51,2.786,2.815,1191.7,982.38,393.62
3/23/2015,94.36,0.7881,0.7321,1.0946,179.03,1.4952,1.2524,0.9662,119.73,47.45,2.733,2.808,1188,982.62,389.88
3/20/2015,93.33,0.7774,0.7238,1.0822,179.47,1.4951,1.2551,0.9754,120.03,45.72,2.786,2.775,1184.8,972.75,385.12
3/19/2015,92.39,0.7649,0.7226,1.066,178.21,1.4752,1.2719,0.9901,120.8,43.96,2.813,2.675,1169.1,962.25,374.12
3/18/2015,93.33,0.7771,0.7255,1.0866,179.9,1.4978,1.2566,0.9785,120.11,44.66,2.92,2.587,1151.4,964.13,374.88
3/17/2015,92.45,0.7618,0.7188,1.0597,178.96,1.4745,1.2789,1.0063,121.36,43.46,2.855,2.642,1148.3,955.88,371.38
3/16/2015,92.7,0.7641,0.7127,1.0569,179.92,1.4829,1.2773,1.0078,121.33,43.88,2.716,2.678,1153.3,969.25,379.12
3/13/2015,92.71,0.7637,0.7117,1.0495,179,1.4744,1.2784,1.0049,121.39,44.84,2.727,2.679,1152.6,974.75,380.38
3/12/2015,93.5,0.7708,0.7146,1.0635,180.53,1.4883,1.2686,1.0024,121.3,47.05,2.734,2.675,1152.1,991.63,389.38
3/11/2015,92.24,0.7595,0.7065,1.0547,181.31,1.4929,1.2752,1.0093,121.45,48.17,2.824,2.623,1150.7,993.13,390.62
3/10/2015,92.38,0.7624,0.7099,1.0698,182.55,1.507,1.2689,0.9996,121.14,48.29,2.732,2.635,1160.1,984.12,388.12
3/9/2015,93.31,0.7702,0.7174,1.0852,183.29,1.5129,1.2603,0.9859,121.16,50,2.678,2.687,1166.4,993.25,388.38
3/6/2015,93.27,0.7718,0.7211,1.0844,181.72,1.5037,1.2622,0.9862,120.84,49.61,2.839,2.629,1164.1,985.38,385.62
3/5/2015,93.5,0.7782,0.7238,1.1031,183.12,1.5241,1.2486,0.9745,120.15,50.76,2.841,2.672,1195.9,985.88,390.12
3/4/2015,93.56,0.7817,0.7258,1.1079,182.68,1.5264,1.2428,0.9633,119.68,51.53,2.769,2.677,1200.6,995.63,389.38
3/3/2015,93.58,0.7815,0.7276,1.1176,183.92,1.5361,1.2496,0.9611,119.73,50.52,2.712,2.674,1204,1013.12,390.62
3/2/2015,93.3,0.7766,0.728,1.1184,184.57,1.5364,1.2535,0.9582,120.13,49.59,2.698,2.711,1207.7,1013.5,388.12
2/27/2015,93.38,0.7812,0.7254,1.1196,184.5,1.5434,1.2508,0.9533,119.54,49.76,2.734,2.716,1212.6,1030.38,391.62
2/26/2015,93.15,0.78,0.7268,1.1198,183.98,1.5406,1.2515,0.953,119.42,48.17,2.697,2.714,1209.6,1026.62,388.38
2/25/2015,93.73,0.7886,0.7317,1.1361,184.57,1.5529,1.2436,0.9485,118.86,50.99,2.894,2.708,1201,1011.38,384.38
2/24/2015,93.19,0.7832,0.7339,1.1341,183.88,1.5455,1.2483,0.9505,118.98,49.28,2.902,2.712,1196.9,1018.13,385.62
2/23/2015,92.7,0.7802,0.7332,1.1333,183.64,1.5457,1.2573,0.9496,118.81,49.45,2.879,2.639,1200.3,1000.13,387
2/20/2015,93.36,0.7843,0.739,1.1381,183.31,1.54,1.2528,0.9407,119.03,50.34,2.951,2.611,1204.4,999.88,385.38
2/19/2015,92.69,0.7792,0.7375,1.1366,183.33,1.5413,1.2496,0.9495,118.94,51.16,2.834,2.642,1207.1,1006.88,389.88
2/18/2015,92.8,0.7812,0.7384,1.1398,183.35,1.5435,1.2455,0.9422,118.79,52.14,2.831,2.639,1199.7,996.5,383.38
2/17/2015,93.23,0.782,0.7432,1.1412,183.13,1.5354,1.2389,0.9369,119.25,53.53,2.759,2.595,1208.1,1008.13,389.88
2/16/2015,92.1,0.7773,0.739,1.1353,182.03,1.5362,1.2466,0.9319,118.48,53.61,2.848,2.608,1231.7,990.12,387.88
2/13/2015,92.25,0.7769,0.7393,1.1385,182.88,1.5399,1.2449,0.9324,118.75,52.78,2.804,2.614,1226.5,990.12,387.88
2/12/2015,92.14,0.7735,0.7412,1.1403,183.24,1.5385,1.2506,0.9309,119.11,51.21,2.713,2.609,1220.1,983.13,382.88
2/11/2015,92.98,0.7719,0.7438,1.1334,183.56,1.5238,1.2633,0.9285,120.47,48.84,2.797,2.553,1219,977.88,385.62
2/10/2015,92.81,0.7771,0.7421,1.1321,182.18,1.5254,1.2587,0.9264,119.43,50.02,2.677,2.562,1231.6,969.12,388.12
2/9/2015,92.58,0.7803,0.7442,1.1324,180.51,1.5215,1.2468,0.9236,118.64,52.86,2.597,2.599,1240.8,979.13,391.62
2/6/2015,92.77,0.7797,0.7422,1.1316,181.39,1.5246,1.2526,0.9254,118.98,51.69,2.579,2.603,1233.9,974,385.62
2/5/2015,91.66,0.7798,0.7488,1.1477,180.15,1.5328,1.2435,0.9212,117.53,50.48,2.6,2.612,1262,981.25,384.88
2/4/2015,90.92,0.7752,0.7473,1.1346,178.05,1.5183,1.2574,0.9262,117.28,48.45,2.662,2.612,1263.8,972.38,383.62
2/3/2015,91.62,0.7792,0.757,1.1481,178.31,1.5167,1.2415,0.9245,117.57,53.05,2.754,2.6,1259.7,985.38,385.38
2/2/2015,91.76,0.7803,0.7541,1.1342,176.87,1.504,1.2567,0.9285,117.59,49.57,2.68,2.511,1276.2,959.63,369.88
1/30/2015,91.25,0.7769,0.7491,1.1288,176.99,1.5069,1.2732,0.9211,117.45,48.24,2.691,2.528,1278.5,961.63,370.62
1/29/2015,91.8,0.7761,0.7513,1.132,178.23,1.5067,1.2617,0.9238,118.29,44.53,2.719,2.47,1254.6,968.13,373.12
1/28/2015,92.72,0.7889,0.7458,1.1288,177.92,1.5135,1.2537,0.9054,117.55,44.45,2.866,2.522,1285.9,970,374.12
1/27/2015,93.56,0.7937,0.7489,1.1381,179.15,1.5197,1.24,0.903,117.87,46.23,2.981,2.514,1291.7,974.88,381.12
1/26/2015,93.88,0.7925,0.7453,1.1239,178.63,1.508,1.2475,0.903,118.46,45.15,2.881,2.574,1279.4,983.88,383.62
1/23/2015,93.14,0.7908,0.7477,1.1208,176.54,1.499,1.242,0.8808,117.78,45.59,2.986,2.538,1292.6,972.38,386.62
1/22/2015,95.09,0.8025,0.7573,1.1366,177.85,1.501,1.2381,0.8713,118.49,46.31,2.835,2.6,1300.7,977.63,384.12
1/21/2015,95.37,0.8085,0.7667,1.161,178.62,1.5143,1.2341,0.8601,117.95,47.78,2.974,2.615,1293.7,983.38,387.38
1/20/2015,97.08,0.8171,0.7627,1.155,179.94,1.5145,1.2114,0.8758,118.81,46.39,2.831,2.615,1294.2,982.38,390.38
1/19/2015,96.54,0.8212,0.768,1.1605,177.68,1.5111,1.1939,0.8796,117.57,47.78,2.97,2.573,1275.9,990.62,386.38
1/16/2015,96.78,0.8227,0.7636,1.1569,178.24,1.5151,1.1985,0.8575,117.64,48.69,3.127,2.654,1276.9,990.62,386.38
1/15/2015,95.41,0.8218,0.7657,1.163,176.46,1.5184,1.196,0.8582,116.17,46.25,3.158,2.611,1264.7,991.88,379.88
1/14/2015,95.64,0.8151,0.774,1.1789,178.73,1.5232,1.1951,1.0187,117.33,48.48,3.233,2.553,1234.4,1011,382.38
1/13/2015,96.3,0.8166,0.7766,1.1772,178.77,1.5159,1.1957,1.0201,117.93,45.89,2.943,2.679,1234.3,1004.88,385.38
1/12/2015,96.53,0.8157,0.7799,1.1834,179.57,1.5171,1.1974,1.0149,118.35,46.07,2.795,2.763,1232.7,1016.38,401.88
1/9/2015,97.25,0.8205,0.7811,1.1842,179.69,1.516,1.1867,1.0142,118.53,48.36,2.946,2.791,1216,1052,400.12
1/8/2015,97.2,0.8124,0.7815,1.1792,180.56,1.5089,1.183,1.0186,119.66,48.79,2.927,2.807,1208.4,1047.88,394.62
1/7/2015,96.36,0.8079,0.7835,1.184,180.2,1.5111,1.1814,1.0144,119.25,48.65,2.871,2.796,1210.6,1055.88,396.12
1/6/2015,95.73,0.8085,0.7846,1.1889,179.4,1.5151,1.1836,1.0101,118.41,47.93,2.938,2.804,1219.3,1056.25,404.88
1/5/2015,96.7,0.8083,0.7825,1.1933,182.44,1.525,1.1764,1.0071,119.64,50.04,2.882,2.793,1203.9,1045.38,406.12
1/2/2015,97.48,0.8089,0.7831,1.2003,184.71,1.5328,1.1784,1.0013,120.5,52.69,3.003,2.838,1186,1007.12,396.12
1/1/2015,98.02,0.8182,0.7786,1.2104,186.22,1.5546,1.1617,0.994,119.79,54.56,2.841,2.826,1186.8,1022.88,397.25
12/31/2014,97.79,0.817,0.7768,1.2099,186.43,1.5575,1.1621,0.9942,119.69,53.27,2.889,2.838,1183.9,1022.88,397.25
12/30/2014,97.77,0.8183,0.7814,1.2158,185.9,1.5559,1.1611,0.989,119.48,54.12,3.094,2.869,1200.2,1042.62,406.12
12/29/2014,98.14,0.8132,0.7833,1.2152,187.22,1.5514,1.1634,0.9898,120.67,53.61,3.189,2.838,1181.7,1049.62,412.62
12/26/2014,97.75,0.8118,0.7827,1.2176,187.31,1.5556,1.1626,0.9878,120.41,54.73,3.007,2.836,1195.3,1047.12,414.62
12/25/2014,97.47,0.8116,0.7866,1.2223,186.61,1.5538,1.1626,0.9844,120.1,55.92,3.092,2.851,1177,1028.62,408.38
12/24/2014,97.69,0.8106,0.7837,1.2194,187.5,1.5559,1.1625,0.986,120.5,55.84,3.03,2.874,1173.5,1028.62,408.38
12/23/2014,97.8,0.8104,0.7842,1.2172,187.33,1.5522,1.1616,0.9877,120.69,57.12,3.171,2.902,1177.9,1037.12,413.62
12/22/2014,97.67,0.8135,0.7821,1.223,187.17,1.559,1.1627,0.9839,120.06,55.26,3.144,2.904,1179.7,1036.75,411.12
12/19/2014,97.32,0.8144,0.7823,1.2228,186.81,1.5632,1.1601,0.9836,119.5,56.52,3.464,2.908,1195.9,1030.38,410.88
12/18/2014,97.03,0.8165,0.7841,1.2286,186.22,1.5671,1.1576,0.98,118.83,54.11,3.642,2.873,1194.7,1036.12,411.38
12/17/2014,96.39,0.8124,0.7925,1.2343,184.81,1.5575,1.1631,0.973,118.66,56.47,3.702,2.888,1194.3,1026.25,408.38
12/16/2014,95.67,0.8218,0.7944,1.2511,183.33,1.5749,1.1628,0.9599,116.41,55.93,3.619,2.877,1193.9,1023.25,405.88
12/15/2014,96.74,0.821,0.7954,1.2437,184.25,1.5637,1.1671,0.9657,117.83,55.91,3.719,2.898,1207.2,1037.25,408.88
12/12/2014,97.95,0.8245,0.7927,1.2462,186.76,1.572,1.1583,0.9641,118.8,57.81,3.795,2.946,1222,1047.5,406.38
12/11/2014,98.17,0.8273,0.789,1.2411,186.69,1.5732,1.1522,0.9682,118.67,59.95,3.634,2.941,1225.1,1041.38,397.88
12/10/2014,97.97,0.8317,0.7921,1.2448,185.12,1.5716,1.1483,0.9665,117.81,60.94,3.706,2.914,1228.9,1031.88,393.62
12/9/2014,99.27,0.8294,0.7896,1.2375,187.57,1.5671,1.1444,0.9712,119.69,63.82,3.652,2.946,1231.5,1048.62,394.88
12/8/2014,100.1,0.8294,0.7869,1.2317,188.93,1.5653,1.1479,0.9764,120.69,63.05,3.595,2.91,1194.7,1044.12,390.12
12/5/2014,101.1,0.8326,0.7883,1.2286,189.22,1.5583,1.1439,0.9785,121.42,65.84,3.802,2.925,1190.1,1038.62,395.88
12/4/2014,100.42,0.8383,0.7899,1.2379,187.74,1.5673,1.1384,0.9713,119.78,66.81,3.649,2.933,1207.5,1010.62,389.38
12/3/2014,100.7,0.8406,0.7849,1.2311,187.91,1.5686,1.1364,0.9775,119.8,67.38,3.805,2.893,1208.5,999,381.88
12/2/2014,100.67,0.8444,0.792,1.2383,186.41,1.5636,1.1407,0.9723,119.22,66.88,3.874,2.913,1199.2,995.63,381.38
12/1/2014,100.53,0.8491,0.7927,1.247,186.24,1.573,1.1329,0.9646,118.39,69,4.007,2.93,1218,1018.13,390.12
11/28/2014,100.97,0.851,0.7957,1.2452,185.66,1.5649,1.1415,0.9657,118.64,66.15,4.088,2.86,1175.2,1014.13,389.38
11/27/2014,100.59,0.8546,0.7923,1.2467,185.22,1.5736,1.133,0.964,117.7,68.55,4.192,2.951,1188.8,1047.88,391.62
11/26/2014,100.62,0.8547,0.792,1.2506,185.92,1.5792,1.1244,0.9612,117.73,73.69,4.355,2.96,1196.6,1047.88,391.62
11/25/2014,100.64,0.8531,0.7942,1.2474,185.31,1.5708,1.1259,0.964,117.97,74.09,4.282,2.961,1197.8,1050.88,387.88
11/24/2014,101.93,0.8618,0.7923,1.2443,185.76,1.5705,1.1279,0.9665,118.28,75.78,4.151,3.004,1195.5,1035,380.38
11/21/2014,102.14,0.867,0.7914,1.239,184.44,1.5655,1.1231,0.9694,117.81,76.51,4.266,3.035,1197.5,1039.62,370.88
11/20/2014,101.88,0.8618,0.799,1.2539,185.53,1.5695,1.13,0.9585,118.22,75.58,4.489,3.027,1190.7,1021.75,373.12
11/19/2014,101.67,0.8618,0.8005,1.2554,185.01,1.5682,1.1341,0.9569,117.98,74.58,4.371,3.047,1193.6,1005.75,363.12
11/18/2014,101.92,0.8721,0.8019,1.2537,182.71,1.5634,1.1296,0.9581,116.87,74.61,4.244,3.011,1196.7,1024,372.12
11/17/2014,101.58,0.8709,0.796,1.245,182.45,1.5641,1.1305,0.9649,116.65,75.64,4.341,3.05,1183,1035.12,377.62
11/14/2014,101.71,0.8747,0.7992,1.2524,182.21,1.567,1.1288,0.9589,116.28,75.82,4.02,3.058,1185,1021.88,381.88
11/13/2014,100.95,0.8721,0.7941,1.2476,181.87,1.5711,1.1366,0.9635,115.75,74.21,3.977,2.999,1161.1,1055.12,385.62
11/12/2014,100.69,0.8719,0.7882,1.2439,182.25,1.5781,1.1316,0.9665,115.48,77.18,4.185,3.034,1158.9,1048.75,378.38
11/11/2014,100.57,0.8686,0.7836,1.2475,184.31,1.5919,1.1332,0.9645,115.78,77.94,4.247,3.042,1162.8,1064.25,374.12
11/10/2014,99.03,0.8621,0.7841,1.2421,181.96,1.5842,1.1381,0.9682,114.86,77.4,4.255,3.027,1159.6,1024.12,369.38
11/7/2014,98.9,0.8635,0.7846,1.2454,181.81,1.5874,1.1327,0.9658,114.54,78.65,4.412,3.053,1169.6,1038.88,367.38
11/6/2014,98.61,0.8559,0.7816,1.2375,182.4,1.5832,1.1424,0.9734,115.21,77.91,4.404,3.03,1142.3,1027.88,370.38
11/5/2014,98.51,0.8592,0.7815,1.2486,183.16,1.5977,1.1385,0.9641,114.64,78.68,4.194,3.022,1145.4,1020.12,370.12
11/4/2014,99.28,0.8739,0.784,1.2546,181.8,1.6003,1.1409,0.9597,113.6,77.19,4.129,3.034,1167.4,1010.12,364.38
11/3/2014,99,0.868,0.7815,1.2483,182.16,1.5972,1.1359,0.9659,114.05,78.78,4.046,3.079,1169.4,1029.25,373.88
10/31/2014,98.82,0.8798,0.783,1.2525,179.69,1.5998,1.1266,0.963,112.33,80.54,3.873,3.061,1171.1,1043.12,376.25
10/30/2014,96.47,0.8834,0.7883,1.2613,174.74,1.6,1.1187,0.956,109.21,81.12,3.827,3.072,1198.1,1029.88,373.5
10/29/2014,95.8,0.8798,0.789,1.2632,174.34,1.6011,1.118,0.9549,108.89,82.2,3.728,3.112,1224.9,1050.25,375.62
10/28/2014,95.78,0.8855,0.7894,1.2734,174.46,1.6131,1.1165,0.9473,108.16,81.42,3.649,3.108,1229.2,1014.62,364.62
10/27/2014,94.89,0.8802,0.7877,1.2698,173.81,1.612,1.1247,0.9495,107.81,81,3.561,3.078,1229.1,1011.38,363.12
10/24/2014,95.13,0.8795,0.7874,1.2671,174.03,1.6091,1.1232,0.952,108.16,81.01,3.623,3.051,1231.2,978.38,352.38
10/23/2014,94.86,0.8761,0.7889,1.2647,173.56,1.6031,1.1229,0.9542,108.27,82.09,3.622,3.05,1228.5,993.38,360.12
10/22/2014,94.05,0.8778,0.7881,1.2649,171.97,1.6051,1.1238,0.9539,107.14,80.52,3.659,3.022,1245.5,961.63,352.88
10/21/2014,93.92,0.8779,0.7892,1.2715,172.38,1.6112,1.1221,0.9492,107,82.81,3.711,3.031,1251.7,965.12,356.12
10/20/2014,93.94,0.8783,0.7918,1.2799,172.9,1.6165,1.1285,0.9425,106.95,82.71,3.67,2.99,1244,945.38,347.88
10/17/2014,93.45,0.8743,0.793,1.2763,172.01,1.6095,1.1278,0.9464,106.88,82.75,3.766,3.001,1238.3,951.38,347.62
10/16/2014,93.11,0.8757,0.7962,1.281,171.07,1.6088,1.1256,0.9425,106.33,82.7,3.796,2.978,1240.5,967.38,352.62
10/15/2014,93.53,0.8829,0.8012,1.2837,169.71,1.6021,1.1255,0.9401,105.92,81.78,3.8,3.005,1244.1,951.5,347.62
10/14/2014,93.28,0.8713,0.796,1.2659,170.27,1.5904,1.1296,0.9536,107.06,81.84,3.816,3.085,1233.6,965,357.12
10/13/2014,93.72,0.877,0.7929,1.2753,171.89,1.6085,1.12,0.948,106.86,85.74,3.916,3.037,1229.3,944.75,346.88
10/10/2014,93.5,0.8683,0.7854,1.2628,173.11,1.6078,1.12,0.9576,107.67,85.82,3.859,3.032,1221,923.12,334.88
10/9/2014,94.72,0.8783,0.7873,1.2691,173.83,1.6119,1.1186,0.9544,107.84,85.77,3.845,3.028,1224.6,941.88,344.38
10/8/2014,95.56,0.8841,0.7876,1.2734,174.75,1.6168,1.1107,0.9519,108.08,87.31,3.855,3,1205.3,934.63,343.38
10/7/2014,95.27,0.8818,0.7872,1.267,173.89,1.6096,1.1176,0.9568,108.03,88.85,3.957,3.034,1211.7,941.25,341.12
10/6/2014,95.34,0.8763,0.7867,1.2654,175,1.6084,1.1132,0.9585,108.8,90.34,3.898,3.03,1206.7,941.63,332.38
10/3/2014,95.22,0.8675,0.7841,1.2517,175.24,1.5964,1.1243,0.9679,109.77,89.74,4.039,2.994,1192.2,911.62,323.88
10/2/2014,95.45,0.8804,0.7847,1.2669,175.04,1.6143,1.1158,0.954,108.42,91.01,3.932,2.997,1214.2,925.38,322.62
10/1/2014,95.16,0.8738,0.78,1.2624,176.26,1.6186,1.1164,0.9559,108.89,90.73,4.023,3.034,1214.6,917.38,321.38
9/30/2014,95.91,0.8746,0.7791,1.2632,177.79,1.6214,1.1199,0.9552,109.66,91.16,4.121,3.006,1210.5,912.38,320.12
9/29/2014,95.45,0.8718,0.7811,1.2685,177.82,1.6241,1.1163,0.9514,109.48,94.57,4.154,3.053,1217.5,922.38,325.88
9/26/2014,95.78,0.8765,0.7807,1.2685,177.56,1.6247,1.1154,0.9516,109.28,93.54,3.984,3.029,1215.4,910.62,323.12
9/25/2014,95.56,0.8787,0.7814,1.2751,177.46,1.6318,1.111,0.9466,108.75,92.53,3.971,3.06,1221.2,923.38,326.38
9/24/2014,96.84,0.8883,0.7822,1.278,178.14,1.634,1.1058,0.9455,109.03,92.8,3.911,3.059,1218.6,936.62,329.38
9/23/2014,96.27,0.884,0.7839,1.2847,178.46,1.6388,1.1079,0.9399,108.89,91.56,3.816,3.034,1222,936.88,325.38
9/22/2014,96.58,0.8873,0.7854,1.285,178.08,1.6361,1.1043,0.9398,108.84,91.52,3.85,3.038,1216.8,938,330.38
9/19/2014,97.33,0.8926,0.7876,1.2829,177.61,1.6288,1.0962,0.941,109.05,92.41,3.837,3.088,1215.3,957.62,331.62
9/18/2014,97.74,0.8991,0.7879,1.2923,178.3,1.6401,1.0935,0.9338,108.71,93.07,3.91,3.092,1225.7,971.38,338.62
9/17/2014,97.11,0.896,0.7904,1.2866,176.41,1.6276,1.0999,0.9413,108.39,94.42,4.013,3.142,1234.4,982.88,341.38
9/16/2014,97.42,0.9094,0.7963,1.296,174.37,1.6277,1.097,0.9325,107.12,94.88,3.995,3.16,1235.2,981.75,343.88
9/15/2014,96.75,0.9028,0.7973,1.2941,173.97,1.6233,1.1056,0.9353,107.17,92.92,3.931,3.081,1233.6,987.88,343.12
9/12/2014,97.03,0.9039,0.797,1.2965,174.62,1.6268,1.1094,0.9336,107.33,92.27,3.857,3.102,1229.9,984.75,338.38
9/11/2014,97.47,0.91,0.7952,1.2926,174.1,1.6255,1.1032,0.9358,107.11,92.83,3.823,3.087,1239,982,341.62
9/10/2014,97.83,0.9156,0.7967,1.2917,173.22,1.6213,1.0934,0.9367,106.84,91.67,3.954,3.104,1243.5,993.88,345.62
9/9/2014,97.73,0.9203,0.8033,1.2937,171.04,1.6106,1.0981,0.9331,106.19,92.75,3.984,3.095,1248.5,992.88,344.12
9/8/2014,98.41,0.9281,0.8007,1.2897,170.76,1.6105,1.0975,0.9355,106.03,92.66,3.876,3.158,1252.7,1008.63,348.38
9/5/2014,98.56,0.9378,0.7932,1.2951,171.59,1.6327,1.088,0.9312,105.1,93.29,3.793,3.158,1265.8,1020.5,356.62
9/4/2014,98.42,0.9348,0.7926,1.2945,171.93,1.6333,1.0876,0.9318,105.27,94.45,3.819,3.139,1265.1,1003.12,346.62
9/3/2014,97.96,0.9347,0.7988,1.3151,172.53,1.6462,1.0889,0.9177,104.81,95.54,3.847,3.111,1268.9,1020.12,351.38
9/2/2014,97.46,0.9275,0.7974,1.3133,173.06,1.647,1.093,0.9191,105.08,92.88,3.89,3.135,1263.7,1032.5,363.62
9/1/2014,97.4,0.9333,0.7905,1.3128,173.32,1.6607,1.0872,0.9194,104.36,95.83,4.054,3.149,1287.4,1024.25,365.88
8/29/2014,97.19,0.9338,0.7912,1.3133,172.75,1.6599,1.0878,0.9183,104.08,95.96,4.065,3.135,1285.8,1024.25,365.88
8/28/2014,97.03,0.9356,0.7948,1.3183,172.03,1.6586,1.0861,0.9153,103.72,94.55,4.044,3.127,1288.7,1029.25,369.12
8/27/2014,96.97,0.9336,0.7959,1.3193,172.17,1.6577,1.0865,0.9146,103.86,93.88,3.957,3.175,1281.9,1023.12,365.12
8/26/2014,96.86,0.9306,0.7962,1.3169,172.13,1.654,1.0953,0.9175,104.07,93.86,3.911,3.182,1283.8,1028.12,364.62
8/25/2014,96.74,0.9297,0.7957,1.3193,172.5,1.6579,1.0983,0.9154,104.06,93.35,3.937,3.213,1277.3,1029,367.62
8/22/2014,96.83,0.9315,0.7992,1.3243,172.25,1.6571,1.0947,0.914,103.94,93.65,3.84,3.199,1278.6,1166.5,365.62
8/21/2014,96.58,0.9302,0.8011,1.3282,172.15,1.658,1.0943,0.9115,103.83,93.96,3.889,3.172,1273.7,1136.25,362.12
8/20/2014,96.36,0.9287,0.7991,1.326,172.19,1.6596,1.0969,0.9133,103.75,96.07,3.823,3.174,1293.4,1120.88,359.75
8/19/2014,95.72,0.9302,0.8016,1.332,171,1.6617,1.0942,0.9093,102.91,94.48,3.877,3.086,1295.1,1118.75,362.38
8/18/2014,95.59,0.9319,0.7988,1.3363,171.58,1.6728,1.0889,0.9065,102.57,96.41,3.792,3.103,1297.7,1114.12,360.12
8/15/2014,95.41,0.9321,0.8025,1.3399,170.91,1.6697,1.0896,0.9024,102.36,97.35,3.776,3.097,1304.5,1102.5,365.38
8/14/2014,95.47,0.9319,0.8008,1.3364,170.95,1.6687,1.0901,0.9066,102.44,95.58,3.906,3.086,1313.9,1098.38,362.38
8/13/2014,95.31,0.9304,0.8008,1.3364,170.94,1.6688,1.0912,0.9075,102.43,97.59,3.831,3.106,1312.8,1079.5,358.38
8/12/2014,94.78,0.9269,0.7952,1.337,171.94,1.6813,1.0925,0.9076,102.26,97.37,3.974,3.149,1308.8,1094.75,358.12
8/11/2014,94.67,0.9264,0.7974,1.3385,171.56,1.6787,1.0922,0.9064,102.19,98.08,3.965,3.167,1308.5,1108,356.88
8/8/2014,94.69,0.9278,0.7995,1.3411,171.19,1.6773,1.0974,0.9052,102.06,97.65,3.962,3.166,1308.9,1113.88,352.5
8/7/2014,94.65,0.9271,0.7941,1.3363,171.85,1.6833,1.0928,0.9091,102.11,97.34,3.876,3.171,1310.8,1098.88,359.12
8/6/2014,95.52,0.9355,0.794,1.3382,172.1,1.6854,1.0916,0.9073,102.11,96.92,3.933,3.163,1306.7,1096.62,363.12
8/5/2014,95.45,0.9304,0.7922,1.3376,173.24,1.6886,1.096,0.9091,102.59,97.38,3.897,3.199,1284,1080.62,356.12
8/4/2014,95.76,0.9334,0.796,1.3422,173,1.6863,1.0908,0.9066,102.59,98.29,3.834,3.236,1287.7,1095.12,359.12
8/1/2014,95.56,0.9311,0.7984,1.3431,172.63,1.6821,1.0917,0.906,102.63,97.88,3.798,3.207,1293.6,1074.38,351.88
7/31/2014,95.56,0.9296,0.793,1.3389,173.58,1.6886,1.0906,0.9086,102.8,98.17,3.841,3.223,1281.3,1098.12,357.38
7/30/2014,95.92,0.9331,0.7921,1.3397,173.87,1.6914,1.0902,0.9088,102.8,100.27,3.786,3.232,1294.9,1102.62,361.88
7/29/2014,95.83,0.9384,0.7914,1.341,173.05,1.6945,1.0853,0.9071,102.13,100.97,3.808,3.209,1298.3,1122.38,361.88
7/28/2014,95.81,0.9406,0.7913,1.344,173,1.6984,1.0796,0.904,101.86,101.67,3.747,3.231,1303.3,1135.88,367.88
7/25/2014,95.69,0.9395,0.7913,1.3432,172.87,1.6974,1.0813,0.9049,101.84,102.09,3.781,3.227,1303.1,1211.62,363.12
7/24/2014,95.89,0.9418,0.7926,1.3464,172.94,1.6986,1.0746,0.9025,101.81,102.07,3.847,3.254,1290.6,1208.12,361.25
7/23/2014,95.97,0.9457,0.7901,1.3465,172.97,1.7044,1.0729,0.9023,101.48,103.12,3.762,3.195,1306.5,1200.75,362.25
7/22/2014,95.3,0.9393,0.7891,1.3465,173.15,1.7065,1.0738,0.9024,101.47,104.42,3.772,3.196,1308,1184,360.12
7/21/2014,95.04,0.9373,0.792,1.3523,173.15,1.7075,1.0736,0.8981,101.4,104.59,3.849,3.187,1313.7,1177.25,364.12
7/18/2014,95.16,0.9391,0.7914,1.3524,173.16,1.7088,1.0732,0.8989,101.33,103.13,3.951,3.174,1309.2,1177.75,370.88
7/17/2014,94.62,0.9353,0.7911,1.3527,173.01,1.7101,1.0762,0.8973,101.17,103.19,3.954,3.209,1316.7,1173.12,379.38
7/16/2014,95.25,0.9368,0.7893,1.3525,174.25,1.7138,1.0742,0.8983,101.68,101.2,4.119,3.205,1299.6,1187.5,378.12
7/15/2014,95.28,0.9371,0.7916,1.3572,174.32,1.7143,1.0759,0.8956,101.69,99.96,4.097,3.239,1296.9,1181.38,374.25
7/14/2014,95.4,0.9395,0.7972,1.362,173.49,1.7085,1.0712,0.892,101.55,100.91,4.147,3.239,1306.3,1196.25,381.62
7/11/2014,95.22,0.9393,0.7947,1.3609,173.61,1.7125,1.0733,0.8927,101.38,100.83,4.146,3.259,1337,1196.38,377.12
7/10/2014,95.21,0.9395,0.7944,1.361,173.62,1.7132,1.065,0.8922,101.33,102.93,4.12,3.256,1338.7,1232.5,385.88
7/9/2014,95.67,0.9413,0.7953,1.3645,174.38,1.7158,1.0653,0.8911,101.64,102.29,4.17,3.236,1323.8,1245.88,390.88
7/8/2014,95.5,0.9401,0.7946,1.3613,174.02,1.7131,1.0679,0.893,101.58,103.4,4.204,3.243,1316,1248.75,398.62
7/7/2014,95.45,0.9373,0.7944,1.3605,174.44,1.7127,1.0685,0.8937,101.84,103.53,4.225,3.248,1316.5,1274.38,401.62
7/4/2014,95.62,0.9364,0.7923,1.3596,175.23,1.716,1.0655,0.8942,102.12,103.76,4.369,3.27,1321.3,1298.38,409.62
7/3/2014,95.52,0.9346,0.7934,1.3611,175.3,1.7154,1.0635,0.8933,102.19,104.06,4.406,3.265,1320.4,1298.38,409.62
7/2/2014,96.12,0.9444,0.7958,1.366,174.73,1.7166,1.0665,0.889,101.79,104.48,4.357,3.252,1330.7,1314.5,412.75
7/1/2014,96.42,0.9497,0.7976,1.3679,174.12,1.715,1.0632,0.8877,101.53,105.34,4.455,3.191,1326.4,1327.5,416.12
6/30/2014,95.57,0.9432,0.8004,1.3692,173.33,1.7106,1.0671,0.8869,101.33,105.37,4.461,3.188,1321.8,1327.5,417.12
6/27/2014,95.53,0.9424,0.8012,1.3649,172.69,1.7035,1.0668,0.8909,101.38,105.74,4.409,3.149,1319,1376.5,441.88
6/26/2014,95.78,0.9414,0.7994,1.3612,173.23,1.7027,1.0689,0.8937,101.73,105.84,4.4,3.161,1316.1,1381.75,438.38
6/25/2014,95.84,0.9408,0.8025,1.363,173.02,1.6984,1.0717,0.893,101.88,106.5,4.553,3.16,1322.2,1361.5,436.12
6/24/2014,95.52,0.9367,0.801,1.3605,173.21,1.6986,1.0746,0.8936,101.97,106.03,4.535,3.147,1320.9,1358.5,436.62
6/23/2014,96.06,0.9422,0.799,1.3605,173.59,1.7027,1.0729,0.8942,101.95,106.17,4.446,3.146,1318,1365.12,438.62
6/20/2014,95.83,0.9388,0.7994,1.3599,173.66,1.7012,1.0758,0.8953,102.08,107.26,4.531,3.118,1316.2,1418.38,453.38
6/19/2014,95.8,0.9398,0.7986,1.3608,173.68,1.7041,1.0818,0.8942,101.94,106.43,4.584,3.075,1313.7,1420.5,450.38
6/18/2014,95.89,0.9407,0.8001,1.3596,173.21,1.6993,1.0837,0.8955,101.92,105.97,4.659,3.055,1272.4,1409.25,440.88
6/17/2014,95.36,0.9336,0.7984,1.3546,173.29,1.6966,1.086,0.8993,102.14,106.36,4.709,3.058,1271.7,1398.38,439.38
6/16/2014,95.74,0.9401,0.7993,1.3575,172.97,1.6984,1.0844,0.8973,101.84,106.9,4.707,3.047,1274.9,1422.12,441.12
6/13/2014,95.97,0.9402,0.7983,1.3542,173.16,1.6965,1.0856,0.9007,102.07,106.91,4.739,3.03,1273.7,1425.88,447.38
6/12/2014,95.89,0.9426,0.8006,1.3553,172.21,1.6928,1.0853,0.8984,101.72,106.53,4.762,3.017,1273.6,1417.25,444.88
6/11/2014,95.79,0.9384,0.8061,1.3533,171.38,1.6788,1.0868,0.9,102.08,104.4,4.508,3.042,1260.8,1445.38,441.38
6/10/2014,95.94,0.9373,0.8085,1.3549,171.5,1.6756,1.0901,0.8992,102.36,104.35,4.53,3.055,1259.8,1461.75,445.12
6/9/2014,95.93,0.9356,0.8091,1.3594,172.28,1.6803,1.0903,0.8971,102.53,104.41,4.645,3.046,1253.5,1456.25,451.62
6/6/2014,95.65,0.9333,0.8119,1.3642,172.21,1.6803,1.0935,0.8937,102.48,102.66,4.71,3.053,1252.1,1457.62,458.38
6/5/2014,95.64,0.9341,0.8121,1.366,172.23,1.6821,1.0924,0.8913,102.39,102.48,4.701,3.091,1253,1461,449.12
6/4/2014,95.31,0.9276,0.8124,1.3599,171.99,1.6737,1.0939,0.8972,102.75,102.64,4.64,3.094,1244,1482.5,457.12
6/3/2014,94.95,0.9264,0.8136,1.3627,171.7,1.6749,1.0909,0.8962,102.5,102.66,4.629,3.146,1244.3,1481.25,457.38
6/2/2014,94.67,0.9246,0.8119,1.3597,171.46,1.6746,1.09,0.8987,102.39,102.47,4.612,3.179,1243.7,1498.12,465.12
5/30/2014,94.77,0.9312,0.8137,1.3631,170.51,1.6752,1.0843,0.8951,101.78,102.71,4.542,3.136,1245.6,1491.12,465.38
5/29/2014,94.75,0.9308,0.8137,1.3602,170.16,1.6717,1.0837,0.8978,101.8,103.58,4.559,3.154,1256.3,1498.75,470.38
5/28/2014,94.06,0.9235,0.8133,1.3591,170.2,1.6711,1.0874,0.8983,101.84,102.72,4.619,3.188,1259.7,1497.25,472.75
5/27/2014,94.44,0.926,0.8111,1.3635,171.45,1.681,1.0855,0.8969,101.99,104.11,4.505,3.193,1265.4,1489.38,469.75
5/26/2014,94.17,0.9236,0.8102,1.3646,171.72,1.6843,1.0859,0.8948,101.95,104.28,4.394,3.19,1292.5,1516.12,476.88
5/23/2014,94.13,0.9231,0.8098,1.3634,171.68,1.6832,1.0862,0.8961,101.97,104.35,4.405,3.18,1291.6,1516.12,476.88
5/22/2014,93.83,0.9223,0.8095,1.3656,171.63,1.687,1.0888,0.8943,101.73,103.74,4.359,3.152,1294.9,1517.38,476.88
5/21/2014,93.79,0.9252,0.8098,1.3687,171.34,1.6902,1.0913,0.8932,101.38,104.07,4.473,3.131,1288,1506.38,473.62
5/20/2014,93.66,0.9244,0.8138,1.3703,170.64,1.6838,1.0909,0.8922,101.33,102.44,4.552,3.156,1294.5,1469,473.5
5/19/2014,94.68,0.9332,0.8154,1.3709,170.66,1.6813,1.0877,0.8922,101.51,102.61,4.47,3.179,1294,1483.12,477.12
5/16/2014,95.06,0.9364,0.8144,1.3695,170.72,1.6816,1.0857,0.8927,101.52,102.02,4.413,3.161,1293.4,1465,484.12
5/15/2014,95.04,0.9356,0.8166,1.3711,170.53,1.6789,1.0886,0.8911,101.58,101.5,4.469,3.162,1293.5,1468.38,484.38
5/14/2014,95.55,0.9378,0.818,1.3715,170.84,1.6766,1.0889,0.8899,101.89,102.37,4.367,3.174,1305.7,1485.88,495.38
5/13/2014,95.73,0.9362,0.8145,1.3704,172.06,1.6826,1.0905,0.8901,102.26,101.7,4.358,3.15,1294.6,1484.38,502.12
5/12/2014,95.59,0.9361,0.8155,1.3757,172.27,1.6868,1.0896,0.8878,102.12,100.59,4.434,3.167,1295.6,1464.62,499.12
5/9/2014,95.38,0.9364,0.8165,1.376,171.66,1.6851,1.0896,0.8865,101.86,99.99,4.531,3.1,1287.6,1486.38,507.5
5/8/2014,95.29,0.9373,0.8174,1.3841,172.14,1.6933,1.0832,0.88,101.66,100.26,4.572,3.083,1287.4,1469,516.62
5/7/2014,95.06,0.9327,0.8206,1.3912,172.78,1.6954,1.0899,0.8765,101.92,100.77,4.74,3.05,1288.6,1445.62,514.38
5/6/2014,95.08,0.9349,0.8205,1.3928,172.62,1.6978,1.0894,0.8743,101.69,99.5,4.799,3.075,1308.3,1459.25,517.62
5/5/2014,94.72,0.9274,0.8227,1.3876,172.28,1.6865,1.0956,0.8778,102.14,99.48,4.688,3.071,1309,1463.62,507.38
5/2/2014,94.79,0.9276,0.8224,1.387,172.35,1.6866,1.0974,0.8779,102.19,99.76,4.674,3.082,1302.6,1471.12,499.38
5/1/2014,94.92,0.9275,0.821,1.3869,172.88,1.6893,1.0957,0.8794,102.34,99.42,4.719,3.029,1283.1,1460.88,507.62
4/30/2014,94.98,0.9288,0.8218,1.3867,172.54,1.6873,1.0961,0.8804,102.26,99.74,4.815,3.03,1295.6,1511.38,519.12
4/29/2014,95.13,0.9268,0.8208,1.3812,172.71,1.6827,1.0943,0.8834,102.64,101.28,4.831,3.072,1296,1516.12,521.88
4/28/2014,94.89,0.9257,0.824,1.385,172.28,1.6807,1.103,0.8802,102.5,100.84,4.795,3.108,1298.9,1498.62,513.38
4/25/2014,94.77,0.9275,0.8232,1.3833,171.69,1.6805,1.1039,0.8817,102.17,100.6,4.647,3.127,1300.7,1499.12,505.5
4/24/2014,94.8,0.9264,0.8231,1.3833,171.95,1.6805,1.1021,0.8813,102.32,101.94,4.705,3.136,1290.5,1472.62,501.62
4/23/2014,95.28,0.9292,0.8233,1.3817,172.09,1.6783,1.1032,0.8833,102.54,101.44,4.73,3.082,1284.2,1468.5,503.62
4/22/2014,96.14,0.9368,0.8206,1.3805,172.64,1.6824,1.1026,0.8851,102.62,102.13,4.739,3.079,1280.6,1480.75,495.88
4/21/2014,95.72,0.9328,0.8214,1.3793,172.32,1.6792,1.1011,0.8852,102.62,104.37,4.697,3.068,1288,1499.88,488.62
4/18/2014,95.58,0.9333,0.8219,1.3815,172.13,1.6807,1.1017,0.8831,102.42,104.3,4.741,3.07,1293.4,1516,494.62
4/17/2014,95.5,0.9327,0.8226,1.3815,171.94,1.6793,1.1002,0.8831,102.39,104.3,4.741,3.07,1293.4,1516,494.62
4/16/2014,95.81,0.9371,0.8225,1.3816,171.74,1.6798,1.1011,0.882,102.23,103.76,4.53,3.05,1303.1,1519.25,497.88
4/15/2014,95.42,0.9361,0.8257,1.3814,170.53,1.673,1.0975,0.8801,101.93,103.75,4.567,3.017,1300,1501,503.88
4/14/2014,95.97,0.9424,0.8261,1.3821,170.38,1.6729,1.0963,0.8797,101.84,104.05,4.56,3.067,1327.2,1476,502.88
4/11/2014,95.49,0.9397,0.8297,1.3885,170.04,1.6733,1.0981,0.876,101.61,103.74,4.62,3.066,1318.7,1463.75,497.88
4/10/2014,95.58,0.9414,0.8274,1.3888,170.43,1.6785,1.0936,0.8766,101.53,103.4,4.655,3.068,1320.1,1481.12,501.38
4/9/2014,95.78,0.9391,0.825,1.3856,171.27,1.6793,1.0878,0.8798,101.98,103.6,4.586,3.066,1305.5,1495,501.38
4/8/2014,95.33,0.9363,0.8237,1.3796,170.52,1.6748,1.0923,0.8831,101.81,102.56,4.534,3.076,1308.7,1483.12,506.88
4/7/2014,95.58,0.9271,0.8274,1.3741,171.25,1.661,1.0973,0.888,103.11,100.44,4.476,3.063,1298,1463,498.62
4/4/2014,95.97,0.9292,0.8265,1.3703,171.25,1.658,1.0981,0.8925,103.28,101.14,4.439,3.043,1303.2,1472.25,501.12
4/3/2014,95.94,0.9232,0.8266,1.372,172.5,1.6599,1.1035,0.8909,103.92,100.29,4.47,3.047,1284.4,1473.75,500.12
4/2/2014,96.07,0.9248,0.828,1.3767,172.71,1.6626,1.1032,0.8867,103.88,99.62,4.364,3.065,1290.5,1462.12,496.12
4/1/2014,95.83,0.9246,0.8295,1.3794,172.35,1.6629,1.1024,0.8833,103.64,99.74,4.276,3.055,1279.6,1482.88,507.5
3/31/2014,95.62,0.9264,0.8265,1.3771,172,1.6663,1.105,0.8847,103.22,101.58,4.371,3.046,1283.4,1462.38,501.62
3/28/2014,95.11,0.9248,0.8266,1.3753,171.09,1.6638,1.1061,0.8869,102.81,101.67,4.485,3.059,1293.8,1435.88,490.88
3/27/2014,94.64,0.9261,0.8274,1.374,169.75,1.6611,1.1033,0.8865,102.17,101.28,4.584,3.037,1293.8,1437.12,492.25
3/26/2014,94.11,0.9222,0.831,1.3783,169.26,1.6586,1.1101,0.8851,102.05,100.26,4.402,3.01,1303.4,1441.12,484.88
3/25/2014,93.72,0.9165,0.8366,1.3827,169.02,1.6529,1.1167,0.8825,102.27,99.19,4.411,3.046,1311.4,1426.5,487.12
3/24/2014,93.39,0.9133,0.8388,1.3839,168.68,1.6498,1.1192,0.8808,102.25,99.6,4.276,2.99,1311.2,1425.75,490.62
3/21/2014,92.87,0.9082,0.8367,1.3794,168.6,1.6486,1.122,0.8832,102.27,99.46,4.313,2.994,1336,1409.62,478.88
3/20/2014,92.56,0.9039,0.8348,1.3779,169.01,1.6505,1.1241,0.8839,102.4,99.43,4.369,2.976,1330.5,1434,478.12
3/19/2014,92.55,0.9042,0.8362,1.3833,169.3,1.6542,1.1238,0.8806,102.34,100.37,4.484,3.028,1341.4,1431.12,487.62
3/18/2014,92.59,0.9129,0.8397,1.3934,168.31,1.6593,1.1136,0.8731,101.44,99.7,4.456,2.994,1359,1418.62,486.62
3/17/2014,92.47,0.9086,0.8368,1.3922,169.31,1.6637,1.1054,0.8734,101.77,98.08,4.536,3.002,1372.9,1391.62,478.25
3/14/2014,91.52,0.9029,0.8359,1.3915,168.72,1.6646,1.1104,0.8724,101.36,98.89,4.425,3.013,1379,1389.75,484.88
3/13/2014,91.98,0.9032,0.8342,1.3869,169.31,1.6625,1.1075,0.875,101.84,98.2,4.383,2.99,1372.2,1393.38,484.62
3/12/2014,92.36,0.8988,0.8366,1.3903,170.79,1.662,1.1119,0.874,102.77,97.99,4.49,3.026,1370.3,1387.75,488.62
3/11/2014,92.48,0.8977,0.834,1.386,171.19,1.6617,1.1105,0.8784,103.02,100.03,4.605,3.031,1346.5,1412.12,484.25
3/10/2014,93.14,0.902,0.8337,1.3877,171.9,1.6646,1.1108,0.8778,103.27,101.12,4.651,3.111,1341.4,1418.5,477.62
3/7/2014,93.7,0.9073,0.8303,1.3878,172.63,1.6712,1.1083,0.878,103.28,102.58,4.618,3.156,1338.1,1459.75,487.12
3/6/2014,93.69,0.909,0.828,1.3861,172.53,1.674,1.0985,0.8806,103.07,101.56,4.662,3.276,1351.7,1437.25,491
3/5/2014,91.94,0.8986,0.8212,1.3733,171.06,1.6723,1.1027,0.8871,102.31,101.45,4.523,3.253,1340.2,1421.38,481.62
3/4/2014,91.48,0.895,0.8247,1.3743,170.32,1.6664,1.1092,0.8874,102.21,103.33,4.667,3.261,1337.8,1422.62,484.88
3/3/2014,90.67,0.8937,0.824,1.3735,169.09,1.6667,1.1077,0.8831,101.45,104.92,4.492,3.22,1350.1,1409.38,472
2/28/2014,90.9,0.8929,0.8243,1.3802,170.47,1.6745,1.1065,0.88,101.81,102.59,4.609,3.239,1321.4,1414.12,462.62
2/27/2014,91.56,0.8965,0.8215,1.3709,170.44,1.6688,1.1121,0.8883,102.13,102.4,4.511,3.236,1331.6,1388.38,455.62
2/26/2014,91.81,0.8968,0.821,1.3688,170.69,1.6672,1.1127,0.8907,102.38,102.59,4.855,3.269,1328.2,1397.38,459.38
2/25/2014,92.22,0.902,0.824,1.3745,170.53,1.6681,1.1083,0.8868,102.23,101.83,5.096,3.338,1343,1386.25,461.38
2/24/2014,92.66,0.9038,0.8246,1.3735,170.76,1.6657,1.1058,0.889,102.5,102.82,5.445,3.359,1338.3,1374,458.13
2/21/2014,92.03,0.8976,0.8268,1.374,170.36,1.6617,1.1111,0.8879,102.53,102.2,6.135,3.336,1323.9,1371.62,452.25
2/20/2014,92.1,0.9006,0.8239,1.3719,170.28,1.665,1.1098,0.8897,102.27,102.92,6.064,3.324,1317.1,1359,456.13
2/19/2014,92.09,0.9,0.8233,1.3733,170.66,1.6681,1.1079,0.8887,102.33,103.31,6.149,3.336,1320.6,1354.88,454.38
2/18/2014,92.42,0.9028,0.8246,1.3758,170.8,1.6684,1.0946,0.8881,102.37,102.43,5.551,3.341,1324.7,1361.38,449.88
2/17/2014,92.06,0.9032,0.8202,1.3708,170.35,1.6715,1.0962,0.8915,101.94,100.58,5.528,3.281,1328.5,1338.25,445.63
2/14/2014,91.95,0.9033,0.8176,1.3693,170.48,1.6746,1.0978,0.8929,101.8,100.3,5.214,3.321,1319,1338.25,445.63
2/13/2014,91.75,0.898,0.8213,1.3681,170.21,1.666,1.0974,0.8935,102.17,100.35,5.223,3.307,1300.4,1342.25,440.12
2/12/2014,92.55,0.9026,0.8192,1.3595,170.16,1.6596,1.1001,0.9005,102.53,100.37,4.822,3.316,1295.3,1322.62,439.75
2/11/2014,92.76,0.9038,0.829,1.3639,168.84,1.645,1.1006,0.8983,102.64,99.94,4.824,3.27,1290.1,1336.5,441.62
2/10/2014,91.5,0.8949,0.832,1.3646,167.71,1.6401,1.1056,0.8971,102.25,100.06,4.579,3.272,1274.8,1325.38,443.63
2/7/2014,91.68,0.8958,0.8308,1.3635,167.96,1.6412,1.1033,0.898,102.34,99.88,4.775,3.271,1263.3,1331.12,444.12
2/6/2014,91.45,0.8956,0.8326,1.359,166.65,1.6322,1.107,0.9011,102.11,97.84,4.931,3.259,1257.6,1326,442.88
2/5/2014,90.38,0.8909,0.8298,1.3533,165.44,1.6309,1.1083,0.9034,101.44,97.38,5.03,3.215,1257.3,1315.88,443.12
2/4/2014,90.73,0.8927,0.8282,1.3519,165.95,1.6325,1.1084,0.9037,101.65,97.19,5.375,3.217,1251.7,1312.25,441.88
2/3/2014,88.39,0.8752,0.8295,1.3525,164.66,1.6305,1.1118,0.9009,100.99,96.43,4.905,3.2,1260.4,1291.88,435.88
1/31/2014,89.34,0.8756,0.8206,1.3487,167.7,1.6436,1.1129,0.9064,102.03,97.49,4.943,3.22,1240.1,1283.88,434.25
1/30/2014,90.34,0.8795,0.8223,1.3556,169.34,1.6485,1.1157,0.9028,102.72,98.23,5.011,3.238,1242.2,1275.62,433.38
1/29/2014,89.42,0.874,0.8249,1.3663,169.44,1.6562,1.1173,0.8943,102.3,97.36,5.557,3.268,1266.7,1268.62,427.5
1/28/2014,90.39,0.8779,0.8245,1.3669,170.71,1.6579,1.115,0.8972,102.97,97.41,5.033,3.285,1251,1285,431.62
1/27/2014,89.61,0.8739,0.8244,1.3672,170.07,1.6584,1.1116,0.8963,102.55,95.72,4.847,3.294,1263.6,1288.5,431.88
1/24/2014,88.83,0.8683,0.8297,1.3678,168.62,1.6483,1.1088,0.8946,102.3,96.64,5.182,3.304,1264.5,1286,429.12
1/23/2014,90.55,0.8768,0.8232,1.3695,171.81,1.6637,1.1101,0.8974,103.27,97.32,4.73,3.322,1262.6,1275.38,428.88
1/22/2014,92.51,0.8851,0.8174,1.3547,173.23,1.6575,1.1086,0.9114,104.52,96.73,4.689,3.375,1239,1280.25,425.88
1/21/2014,91.86,0.8806,0.8231,1.3561,171.88,1.6476,1.0966,0.9102,104.32,94.99,4.431,3.392,1242.3,1280.5,425.12
1/20/2014,91.79,0.8811,0.8247,1.3552,171.18,1.6432,1.0948,0.9101,104.18,93.93,4.293,3.339,1255.1,1316.62,424.62
1/17/2014,91.61,0.8782,0.8244,1.3541,171.33,1.6424,1.0962,0.9103,104.31,94.37,4.326,3.378,1251.7,1316.62,424.62
1/16/2014,92.06,0.8821,0.8329,1.362,170.67,1.6354,1.0932,0.905,104.36,93.96,4.382,3.391,1240,1315.38,427
1/15/2014,93.2,0.8915,0.831,1.3605,171.17,1.6371,1.0934,0.9083,104.56,94.17,4.325,3.406,1238.1,1317.88,425.88
1/14/2014,93.44,0.8966,0.832,1.3679,171.34,1.6441,1.0944,0.9025,104.22,92.59,4.369,3.388,1245.2,1306.25,432.12
1/13/2014,93.25,0.9053,0.8346,1.3672,168.74,1.6382,1.0862,0.899,103,91.8,4.274,3.4,1250.9,1294.75,434.38
1/10/2014,93.69,0.8996,0.8294,1.367,171.66,1.6482,1.0895,0.9025,104.15,92.72,4.053,3.387,1246.7,1277.5,431.88
1/9/2014,93.27,0.8899,0.8256,1.3608,172.77,1.6481,1.084,0.9073,104.83,91.66,4.005,3.354,1229.3,1274,412.12
1/8/2014,93.35,0.8902,0.8254,1.3576,172.47,1.6448,1.0819,0.911,104.86,92.33,4.216,3.393,1225.3,1269.62,415.62
1/7/2014,93.39,0.8927,0.8301,1.3616,171.6,1.6403,1.0765,0.9091,104.62,93.67,4.299,3.411,1229.4,1274.5,425.88
1/6/2014,93.45,0.8967,0.8307,1.3628,170.98,1.6405,1.0655,0.9042,104.22,93.43,4.306,3.412,1237.8,1278.12,427.88
1/3/2014,93.81,0.8947,0.8277,1.3588,172.13,1.6417,1.0635,0.9053,104.86,93.96,4.304,3.406,1238.4,1271.75,423.62
1/2/2014,93.34,0.891,0.8309,1.3672,172.38,1.6454,1.0671,0.8992,104.77,95.44,4.321,3.432,1225,1270.75,421.38
1/1/2014,93.5,0.8884,0.8302,1.3754,174.35,1.6566,1.0644,0.892,105.25,98.7,4.232,3.398,1205.4,1289.38,421.38
12/31/2013,93.92,0.8918,0.8302,1.3746,174.38,1.6558,1.0623,0.8931,105.31,98.42,4.23,3.442,1201.9,1289.38,421.38
12/30/2013,93.62,0.8903,0.8365,1.3804,173.53,1.6502,1.0648,0.888,105.16,99.29,4.427,3.421,1203.1,1308.88,423.38
12/27/2013,93.28,0.8869,0.8338,1.3742,173.32,1.6481,1.0706,0.8916,105.17,100.32,4.407,3.47,1216.1,1331.75,427.38
12/26/2013,93.22,0.8895,0.8343,1.3692,172,1.6412,1.0648,0.8966,104.81,99.55,4.433,3.45,1214.1,1319.75,426.88
12/25/2013,93.08,0.8917,0.8367,1.368,170.67,1.635,1.0636,0.8957,104.38,99.22,4.416,3.417,1205.1,1333.5,435.12
12/24/2013,93.09,0.892,0.8357,1.3684,170.9,1.6376,1.0632,0.8955,104.36,99.22,4.416,3.417,1205.1,1333.5,435.12
12/23/2013,93.03,0.8935,0.8374,1.3696,170.28,1.6356,1.0606,0.894,104.11,98.91,4.463,3.35,1198.4,1328.38,433.88
12/20/2013,92.85,0.8921,0.8369,1.3672,170.01,1.6336,1.0635,0.8962,104.08,99.32,4.418,3.348,1205.1,1338.25,433.88
12/19/2013,92.44,0.8867,0.8344,1.3663,170.69,1.637,1.0664,0.8982,104.25,98.77,4.46,3.341,1195,1327.5,430.88
12/18/2013,92.4,0.8861,0.8348,1.3685,170.93,1.6392,1.0703,0.8941,104.28,97.8,4.251,3.361,1236.1,1324.62,425.12
12/17/2013,91.35,0.8897,0.8466,1.3768,166.99,1.6264,1.0607,0.885,102.67,97.22,4.287,3.367,1231.2,1344.62,427.12
12/16/2013,92.17,0.8948,0.8444,1.3761,167.89,1.6298,1.0596,0.8874,103.03,97.48,4.279,3.376,1245.5,1336.62,423.12
12/13/2013,92.51,0.8962,0.8433,1.3743,168.24,1.6299,1.0586,0.8893,103.22,96.6,4.351,3.352,1235.7,1327.12,425.12
12/12/2013,92.4,0.8938,0.8413,1.3755,169.03,1.635,1.0638,0.8892,103.38,97.5,4.409,3.332,1226,1325.62,434.38
12/11/2013,92.7,0.905,0.8418,1.3785,167.75,1.6375,1.059,0.8865,102.44,97.44,4.337,3.332,1258.5,1343.88,439.62
12/10/2013,94.11,0.9151,0.8367,1.3761,169.13,1.6446,1.0601,0.8874,102.84,98.51,4.237,3.301,1262.4,1338.75,436.38
12/9/2013,94.11,0.9113,0.8362,1.3739,169.68,1.643,1.0628,0.8905,103.28,97.34,4.232,3.296,1235.3,1343.5,438.12
12/6/2013,93.67,0.9103,0.8383,1.3705,168.25,1.6349,1.0636,0.8921,102.91,97.65,4.114,3.269,1230.3,1325.62,434.62
12/5/2013,92.25,0.9063,0.8367,1.3667,166.27,1.6335,1.0654,0.8967,101.78,97.38,4.132,3.261,1233.2,1328.38,433.5
12/4/2013,92.43,0.903,0.8297,1.3594,167.71,1.6384,1.0682,0.9024,102.36,97.2,3.96,3.272,1248.2,1328.38,436.62
12/3/2013,93.67,0.9137,0.829,1.359,168.04,1.6392,1.0647,0.9044,102.52,96.04,3.976,3.201,1221.7,1319.25,431.38
12/2/2013,93.75,0.9105,0.8279,1.3541,168.41,1.6357,1.0644,0.9086,102.95,93.82,3.988,3.217,1222.3,1321.12,424.88
11/29/2013,93.34,0.9112,0.8304,1.3591,167.68,1.6367,1.0615,0.9062,102.44,92.72,3.954,3.231,1250.6,1337,425
11/28/2013,93.12,0.9101,0.8325,1.3605,167.22,1.6342,1.0581,0.9055,102.32,92.28,3.928,3.2,1243.8,1319.25,426.62
11/27/2013,92.76,0.908,0.8337,1.3579,166.41,1.6288,1.0595,0.9076,102.17,92.3,3.895,3.2,1237.8,1319.25,426.62
11/26/2013,92.47,0.9129,0.8369,1.3572,164.27,1.6216,1.0541,0.9065,101.3,93.68,3.818,3.229,1241.4,1328.88,424
11/25/2013,93.14,0.9161,0.8367,1.3517,164.28,1.6156,1.0545,0.9119,101.68,94.09,3.789,3.239,1241.1,1328.12,431.25
11/22/2013,92.88,0.9171,0.8356,1.3558,164.33,1.6226,1.0514,0.9068,101.28,94.84,3.768,3.227,1244,1319.38,423.38
11/21/2013,93.41,0.9234,0.8322,1.3482,163.88,1.62,1.0517,0.9129,101.16,95.44,3.702,3.197,1243.5,1292.38,422.62
11/20/2013,93.38,0.9335,0.8345,1.3439,161.09,1.6105,1.0454,0.9162,100.03,93.33,3.674,3.162,1257.9,1275.12,416.62
11/19/2013,94.48,0.9435,0.8399,1.3539,161.45,1.6121,1.047,0.9111,100.15,93.34,3.556,3.162,1273.4,1279.12,418.12
11/18/2013,93.77,0.9377,0.8383,1.3505,161.1,1.611,1.0429,0.9133,100,93.03,3.617,3.154,1272.2,1287.75,411.88
11/15/2013,93.88,0.9371,0.8371,1.3496,161.51,1.6121,1.0439,0.9151,100.19,93.84,3.66,3.173,1287.3,1279.62,421.88
11/14/2013,93.19,0.9317,0.8378,1.3459,160.7,1.6065,1.0461,0.9165,100.02,93.76,3.605,3.161,1286.2,1313.62,425.88
11/13/2013,92.9,0.9361,0.8398,1.3486,159.37,1.6058,1.0455,0.9138,99.25,93.88,3.566,3.164,1268.3,1314.5,430.12
11/12/2013,92.67,0.9303,0.8448,1.3436,158.47,1.5905,1.0495,0.9175,99.64,93.04,3.617,3.236,1271.1,1313.62,432.12
11/11/2013,92.8,0.9359,0.8385,1.3406,158.54,1.599,1.0476,0.9194,99.16,95.14,3.574,3.262,1281,1299.88,434.88
11/8/2013,92.99,0.9385,0.8348,1.3372,158.69,1.6018,1.0479,0.9215,99.08,94.6,3.559,3.253,1284.5,1295.25,426.12
11/7/2013,92.75,0.9456,0.8337,1.3419,157.9,1.6097,1.0459,0.9157,98.09,94.2,3.519,3.249,1308.4,1267.12,420.88
11/6/2013,93.97,0.9525,0.8403,1.3513,158.66,1.6081,1.0419,0.9124,98.66,94.8,3.498,3.235,1317.7,1256.62,420.88
11/5/2013,93.65,0.9507,0.8398,1.3475,158.06,1.6045,1.0454,0.9137,98.5,93.37,3.466,3.252,1308,1250.75,425.62
11/4/2013,93.79,0.9512,0.8464,1.3516,157.45,1.5968,1.0422,0.9098,98.61,94.62,3.445,3.248,1314.6,1255.75,426.12
11/1/2013,93.14,0.9437,0.8468,1.3487,157.18,1.5926,1.0421,0.9123,98.69,94.61,3.513,3.293,1313.1,1252.38,426.88
10/31/2013,93.04,0.9459,0.8468,1.3584,157.78,1.6042,1.0431,0.9067,98.36,96.38,3.581,3.295,1323.6,1265.62,428.12
10/30/2013,93.42,0.9483,0.8564,1.3736,158,1.6039,1.0479,0.8992,98.51,96.77,3.62,3.321,1349,1275.62,429.88
10/29/2013,93.07,0.9479,0.8566,1.3745,157.56,1.6047,1.047,0.8988,98.19,98.2,3.497,3.276,1345.2,1271.25,432.62
10/28/2013,93.5,0.9571,0.8539,1.3784,157.68,1.6142,1.0445,0.8958,97.68,98.68,3.569,3.261,1352,1267.38,430.38
10/25/2013,93.37,0.9584,0.8539,1.3805,157.49,1.6166,1.0449,0.8927,97.42,97.85,3.707,3.265,1352.4,1299.88,440.12
10/24/2013,93.61,0.9623,0.8518,1.38,157.61,1.6201,1.0421,0.8923,97.28,97.11,3.629,3.261,1350.2,1309.62,440.38
10/23/2013,93.75,0.9627,0.8523,1.3777,157.41,1.6164,1.0382,0.8921,97.38,96.86,3.619,3.267,1333.9,1308.62,442.88
10/22/2013,95.27,0.9708,0.8488,1.3781,159.34,1.6236,1.0286,0.8948,98.14,97.8,3.581,3.329,1342.5,1300.5,437.88
10/21/2013,94.78,0.9653,0.8474,1.3682,158.55,1.6147,1.0302,0.9021,98.19,99.22,3.668,3.296,1315.7,1302.12,444.38
10/18/2013,94.58,0.9677,0.8466,1.3684,158.01,1.6167,1.0287,0.9019,97.73,100.81,3.764,3.293,1314.4,1290.62,441.25
10/17/2013,94.34,0.9636,0.846,1.3676,158.26,1.6164,1.029,0.9024,97.91,100.67,3.757,3.289,1322.7,1291.62,443.38
10/16/2013,94.34,0.9553,0.8486,1.3535,157.53,1.5951,1.0328,0.9135,98.77,102.29,3.769,3.3,1282,1277.75,441.62
10/15/2013,93.52,0.9526,0.8454,1.3523,157.04,1.5998,1.0381,0.9128,98.17,101.21,3.79,3.304,1273,1266.75,443.88
10/14/2013,93.53,0.9488,0.8485,1.3561,157.57,1.5984,1.0355,0.9103,98.58,102.41,3.82,3.3,1276.4,1271.62,437.12
10/11/2013,93.33,0.9467,0.8488,1.3542,157.28,1.5956,1.035,0.9123,98.58,102.02,3.776,3.265,1268,1267.88,433.25
10/10/2013,92.78,0.9452,0.8468,1.352,156.71,1.5965,1.0399,0.9121,98.16,103.01,3.723,3.241,1296.6,1287.38,439.12
10/9/2013,91.94,0.9444,0.8477,1.3524,155.32,1.5956,1.0393,0.9102,97.34,101.61,3.679,3.221,1306.9,1286.75,443.88
10/8/2013,91.3,0.9423,0.8438,1.3573,155.82,1.6084,1.0368,0.904,96.88,103.49,3.716,3.282,1324.2,1288.88,441.38
10/7/2013,91.19,0.9429,0.8438,1.3582,155.67,1.6097,1.0313,0.903,96.71,103.03,3.629,3.289,1324.8,1295.5,449.38
10/4/2013,91.95,0.9434,0.8468,1.3558,156.05,1.601,1.0295,0.9073,97.47,103.84,3.506,3.293,1309.7,1296.12,443.38
10/3/2013,91.39,0.9395,0.8429,1.3618,157.14,1.6156,1.0333,0.8993,97.27,103.31,3.499,3.262,1317.4,1286.25,439.12
10/2/2013,91.37,0.9385,0.8369,1.3579,157.94,1.6223,1.0336,0.9028,97.36,104.1,3.542,3.312,1320.6,1274.5,439.12
10/1/2013,92.1,0.9398,0.8352,1.3526,158.7,1.6195,1.0324,0.9056,98,102.04,3.609,3.272,1286,1268.62,439.5
9/30/2013,91.52,0.9317,0.8357,1.3526,159,1.6186,1.031,0.905,98.23,102.33,3.56,3.321,1326.5,1281.38,441.88
9/27/2013,91.53,0.9316,0.8379,1.3522,158.57,1.6139,1.0307,0.906,98.26,102.87,3.589,3.325,1338.4,1320.25,453.62
9/26/2013,92.7,0.9365,0.8409,1.3489,158.79,1.6041,1.031,0.9103,98.99,103.03,3.498,3.304,1323.6,1317.38,457.38
9/25/2013,92.21,0.9367,0.8411,1.3526,158.29,1.608,1.0313,0.9092,98.44,102.66,3.493,3.28,1335.9,1321.88,454.38
9/24/2013,92.75,0.9394,0.8419,1.3474,158.01,1.6003,1.03,0.9129,98.73,103.13,3.492,3.265,1316,1312.25,448.62
9/23/2013,93.22,0.9432,0.841,1.3493,158.57,1.6042,1.0285,0.911,98.84,103.59,3.602,3.308,1326.9,1308.12,453.12
9/20/2013,93.3,0.9394,0.8449,1.3524,158.97,1.6006,1.0305,0.9103,99.31,104.68,3.687,3.328,1332.5,1316.12,451.38
9/19/2013,93.86,0.9437,0.844,1.353,159.43,1.6031,1.0264,0.9106,99.45,106.39,3.72,3.35,1369.4,1340,460.25
9/18/2013,93.23,0.9519,0.8375,1.3522,158.13,1.6146,1.022,0.9122,97.94,108.07,3.713,3.284,1307.8,1347.88,456.88
9/17/2013,92.73,0.9355,0.84,1.3359,157.64,1.5904,1.0296,0.926,99.12,105.42,3.745,3.228,1309.5,1341.75,453.88
9/16/2013,92.33,0.9319,0.8388,1.3334,157.5,1.5896,1.0324,0.9274,99.08,106.59,3.738,3.227,1317.9,1348.38,457.12
9/13/2013,91.88,0.9245,0.8374,1.3294,157.75,1.5875,1.0352,0.93,99.36,108.21,3.677,3.207,1308.4,1381.88,458.88
9/12/2013,92.29,0.9271,0.8414,1.3299,157.34,1.5806,1.0322,0.9306,99.55,108.6,3.638,3.212,1330.4,1397.38,466.88
9/11/2013,93.17,0.9329,0.8416,1.3312,157.98,1.5818,1.0319,0.9304,99.88,107.56,3.567,3.256,1363.9,1358.38,473.12
9/10/2013,93.48,0.9311,0.8433,1.3269,157.99,1.5735,1.0349,0.9348,100.41,107.39,3.584,3.261,1364.1,1356.38,468.88
9/9/2013,91.89,0.9228,0.8447,1.3255,156.27,1.5694,1.0371,0.9324,99.58,109.52,3.605,3.276,1386.8,1355.25,463.62
9/6/2013,91.05,0.9186,0.8432,1.318,154.93,1.5631,1.0405,0.9375,99.11,110.53,3.53,3.258,1386.7,1369.62,468.25
9/5/2013,91.33,0.9123,0.8416,1.312,156.1,1.5591,1.0506,0.9451,100.12,108.37,3.575,3.241,1373.1,1367.75,461.38
9/4/2013,91.49,0.9171,0.8452,1.3209,155.89,1.5627,1.0494,0.9353,99.76,107.23,3.683,3.236,1389.9,1352.5,469.12
9/3/2013,90.23,0.9062,0.8464,1.317,154.95,1.556,1.0534,0.9366,99.58,108.54,3.666,3.296,1412,1385.88,475.5
9/2/2013,89.19,0.8978,0.8486,1.3192,154.42,1.5546,1.0545,0.9345,99.33,106.75,3.667,3.308,1393.7,1356.38,482.88
8/30/2013,87.36,0.89,0.8526,1.3222,152.25,1.551,1.0537,0.93,98.17,107.65,3.581,3.225,1396.1,1356.38,482.88
8/29/2013,87.83,0.8931,0.854,1.3241,152.49,1.5504,1.0532,0.9308,98.35,108.8,3.618,3.244,1412.9,1369.12,480.88
8/28/2013,87.3,0.8941,0.8591,1.334,151.61,1.5526,1.0487,0.9221,97.64,110.1,3.566,3.307,1419,1374.38,480.12
8/27/2013,87.17,0.8984,0.8615,1.3393,150.85,1.5547,1.0474,0.9174,97.03,109.01,3.534,3.333,1420.6,1373.12,486.25
8/26/2013,88.95,0.9032,0.8582,1.3369,153.44,1.5576,1.0501,0.9233,98.51,105.92,3.513,3.322,1393,1389.62,501.38
8/23/2013,89.11,0.9025,0.8596,1.3382,153.72,1.5568,1.0495,0.9214,98.75,106.42,3.485,3.352,1395.7,1362.88,494.25
8/22/2013,88.94,0.9009,0.8569,1.3356,153.9,1.5588,1.0516,0.9233,98.73,105.03,3.545,3.333,1371.2,1323.75,487.88
8/21/2013,87.64,0.8971,0.8529,1.3357,152.97,1.5659,1.0474,0.9225,97.67,103.85,3.46,3.312,1370.6,1330.62,498
8/20/2013,88.25,0.9073,0.8565,1.3417,152.41,1.5667,1.0392,0.9175,97.28,104.97,3.444,3.34,1373.1,1309.25,483.62
8/19/2013,88.89,0.911,0.8521,1.3335,152.68,1.5649,1.0346,0.9241,97.56,107.1,3.463,3.337,1366.2,1322.12,493.25
8/16/2013,89.58,0.9185,0.8528,1.333,152.43,1.563,1.0336,0.9264,97.53,107.46,3.368,3.365,1371.7,1283.25,473.88
8/15/2013,89,0.9141,0.8534,1.3348,152.31,1.5641,1.0305,0.9261,97.37,107.33,3.419,3.338,1361.6,1289,482.25
8/14/2013,89.51,0.9122,0.8552,1.3256,152.12,1.55,1.0341,0.9357,98.14,106.85,3.342,3.341,1334,1268.62,464.75
8/13/2013,89.52,0.9115,0.8585,1.3262,151.71,1.5449,1.0345,0.933,98.2,106.83,3.285,3.318,1321.2,1257.88,455.75
8/12/2013,88.65,0.9149,0.8601,1.33,149.85,1.5463,1.0307,0.9257,96.91,106.11,3.31,3.307,1334.7,1256.5,472.5
8/9/2013,88.45,0.9193,0.8609,1.3343,149.14,1.55,1.0289,0.9228,96.22,105.97,3.23,3.308,1312.9,1219.62,464.75
8/8/2013,88.06,0.9104,0.8611,1.3381,150.28,1.5538,1.0327,0.9202,96.73,103.4,3.297,3.271,1310.7,1228.25,473.5
8/7/2013,86.7,0.9,0.861,1.3337,149.21,1.5489,1.0424,0.9217,96.33,104.37,3.247,3.178,1286.1,1199.25,468.5
8/6/2013,87.84,0.8987,0.8669,1.3307,150.02,1.5348,1.0375,0.9261,97.75,105.3,3.318,3.172,1283.2,1194.12,472.88
8/5/2013,87.8,0.8931,0.8632,1.3258,150.96,1.5358,1.036,0.9274,98.31,106.56,3.319,3.167,1302.6,1208.62,469.5
8/2/2013,88.1,0.8902,0.8688,1.3282,151.31,1.5289,1.0388,0.9294,98.97,106.94,3.347,3.17,1310.6,1211.88,476
8/1/2013,88.85,0.8925,0.8734,1.3207,150.51,1.512,1.0348,0.9371,99.55,107.89,3.387,3.164,1311,1235.25,487.62
7/31/2013,87.92,0.8982,0.8747,1.3302,148.85,1.5208,1.0277,0.9263,97.88,105.03,3.446,3.119,1312.4,1247.25,499.25
7/30/2013,88.83,0.9062,0.8704,1.3263,149.39,1.5237,1.031,0.9297,98.03,103.08,3.432,3.041,1324,1247.88,496.25
7/29/2013,90.17,0.9206,0.8646,1.3262,150.26,1.5338,1.0266,0.9313,97.95,104.55,3.459,3.116,1326.55,1272.25,489.25
7/26/2013,91.03,0.9263,0.8633,1.3279,151.16,1.5381,1.0283,0.9284,98.28,104.7,3.555,3.109,1321.7,1350,491.62
7/25/2013,91.82,0.9247,0.8627,1.3277,152.83,1.5392,1.028,0.9297,99.3,105.49,3.644,3.188,1329,1353.62,495.5
7/24/2013,91.88,0.9164,0.8619,1.32,153.54,1.5315,1.0318,0.9375,100.25,105.39,3.698,3.182,1319.7,1392.38,508.13
7/23/2013,92.44,0.9297,0.8604,1.3223,152.81,1.5369,1.0288,0.9349,99.43,107.23,3.743,3.198,1335.1,1461.62,523.38
7/22/2013,92.19,0.925,0.8584,1.3186,153.09,1.536,1.0336,0.9364,99.67,106.91,3.677,3.189,1336.4,1520.62,541
7/19/2013,92.33,0.9173,0.8608,1.3142,153.68,1.5268,1.0368,0.941,100.65,108.05,3.789,3.15,1293.3,1489.88,543.12
7/18/2013,92.08,0.9169,0.8609,1.311,152.94,1.523,1.0376,0.9446,100.42,108.04,3.812,3.143,1284.6,1472,540
7/17/2013,91.98,0.9237,0.8628,1.3125,151.5,1.5213,1.0405,0.9411,99.58,106.48,3.629,3.14,1277.9,1478.88,538.5
7/16/2013,91.69,0.9253,0.8681,1.3162,150.24,1.5161,1.037,0.9391,99.09,106,3.677,3.2,1290.8,1474.88,545.5
7/15/2013,90.86,0.9098,0.8651,1.3062,150.79,1.5099,1.0429,0.9484,99.86,106.32,3.674,3.161,1283.8,1453,536.75
7/12/2013,89.78,0.9049,0.865,1.3068,149.91,1.5108,1.0394,0.9466,99.22,105.95,3.644,3.171,1277.8,1428.12,544.12
7/11/2013,90.92,0.9188,0.8625,1.3096,150.26,1.5185,1.0366,0.9471,98.96,104.91,3.613,3.183,1280.1,1474.12,559.12
7/10/2013,91.42,0.9173,0.8646,1.2976,149.6,1.5011,1.0467,0.9585,99.67,106.52,3.68,3.101,1247.4,1465.88,554.38
7/9/2013,92.83,0.9177,0.8598,1.2781,150.38,1.4867,1.0522,0.9726,101.16,103.53,3.657,3.076,1245.9,1467,552.5
7/8/2013,92.22,0.9133,0.8608,1.287,150.96,1.4951,1.0557,0.9637,100.97,103.14,3.741,3.111,1234.9,1455.88,534.12
7/5/2013,91.76,0.9067,0.8618,1.2832,150.68,1.4889,1.0578,0.9636,101.2,103.22,3.617,3.08,1212.9,1432.12,526.62
7/4/2013,91.5,0.9146,0.8568,1.2913,150.79,1.5072,1.0512,0.9566,100.05,101.4,3.667,3.147,1247.05,1441.62,533.12
7/3/2013,90.81,0.9087,0.8514,1.3009,152.66,1.5279,1.0501,0.9466,99.92,101.24,3.69,3.174,1252.1,1441.62,533.12
7/2/2013,92.05,0.9147,0.8565,1.2979,152.5,1.5154,1.0543,0.9506,100.63,99.6,3.654,3.142,1243.6,1434.5,533.5
7/1/2013,92.08,0.9238,0.8585,1.3064,151.66,1.5217,1.0496,0.9453,99.67,97.99,3.577,3.155,1255.9,1435.25,532.88
6/28/2013,90.62,0.9137,0.8552,1.301,150.81,1.5212,1.0519,0.9447,99.14,96.56,3.565,3.05,1223.8,1429.38,547
6/27/2013,91.22,0.9275,0.8545,1.3037,150.07,1.5258,1.0477,0.9453,98.36,97.05,3.582,3.053,1211.4,1431.62,572.38
6/26/2013,90.68,0.9277,0.8496,1.3012,149.69,1.5315,1.047,0.9431,97.75,95.5,3.707,3.041,1229.6,1426.25,575.12
6/25/2013,90.58,0.9261,0.8483,1.3085,150.84,1.5424,1.0512,0.9382,97.81,95.32,3.647,3.071,1274.8,1428.88,578.25
6/24/2013,90.39,0.9249,0.85,1.3118,150.83,1.5433,1.0498,0.9331,97.73,95.18,3.739,3.026,1276.8,1422,579.62
6/21/2013,90.25,0.9219,0.8511,1.3123,150.95,1.5418,1.0457,0.9345,97.9,93.69,3.771,3.096,1291.6,1491.5,661.12
6/20/2013,89.48,0.9197,0.8524,1.322,150.88,1.5509,1.0389,0.9272,97.28,95.4,3.877,3.062,1285.9,1499.5,672.88
6/19/2013,89.67,0.9294,0.8586,1.3295,149.4,1.5486,1.0273,0.9282,96.47,98.24,3.963,3.143,1373.6,1519.38,680.12
6/18/2013,90.44,0.9486,0.8562,1.3394,149.12,1.5643,1.0211,0.9204,95.33,98.44,3.905,3.157,1366.6,1512.62,672.5
6/17/2013,90.23,0.9547,0.8504,1.3369,148.58,1.5721,1.0185,0.9227,94.51,97.77,3.875,3.202,1382.8,1512.5,670.12
6/14/2013,90.03,0.9568,0.8498,1.3347,147.76,1.5705,1.017,0.9211,94.08,97.85,3.733,3.204,1387.3,1516.62,654
6/13/2013,91.93,0.9639,0.8508,1.3375,149.93,1.5719,1.0157,0.9218,95.38,96.69,3.814,3.185,1377.6,1509.5,645
6/12/2013,91.05,0.9482,0.8507,1.3337,150.58,1.5679,1.0209,0.9206,96.03,95.88,3.777,3.225,1391.8,1539.88,651.88
6/11/2013,90.52,0.9426,0.8508,1.3315,150.28,1.5649,1.0186,0.9246,96.03,95.38,3.724,3.193,1377,1542.12,659.12
6/10/2013,93.48,0.9464,0.8514,1.3257,153.81,1.5572,1.0194,0.9333,98.77,95.77,3.8,3.239,1386.2,1514.12,649.5
6/7/2013,92.62,0.9495,0.8498,1.3223,151.76,1.5558,1.0196,0.9361,97.55,96.03,3.828,3.266,1383,1525.75,666.12
6/6/2013,93.02,0.9594,0.849,1.3247,151.28,1.5602,1.0265,0.9293,96.96,94.76,3.827,3.316,1415.7,1529.12,663.62
6/5/2013,94.52,0.9544,0.85,1.3094,152.62,1.5406,1.0345,0.9424,99.06,93.74,4.001,3.367,1398.4,1531.62,661.5
6/4/2013,96.53,0.965,0.8541,1.308,153.18,1.5313,1.0341,0.947,100.03,93.31,3.998,3.365,1397.1,1529.75,661.12
6/3/2013,97.28,0.9772,0.8535,1.3076,152.51,1.5321,1.0277,0.9473,99.53,93.45,3.991,3.327,1411.7,1532.75,656.12
5/31/2013,96.19,0.9573,0.8552,1.2999,152.74,1.5199,1.0378,0.9552,100.48,91.97,3.984,3.289,1392.6,1510.12,663.88
5/30/2013,97.33,0.9661,0.8567,1.305,153.45,1.5233,1.0299,0.9532,100.73,93.61,4.023,3.311,1411.5,1495.12,655.12
5/29/2013,97.47,0.9634,0.8552,1.2941,153.09,1.5131,1.0352,0.962,101.16,93.13,4.148,3.291,1392.15,1502.5,665.38
5/28/2013,98.44,0.9616,0.8547,1.2856,153.99,1.5042,1.04,0.9769,102.38,95.01,4.174,3.312,1379.1,1508.38,665.88
5/27/2013,97.25,0.9633,0.8562,1.2932,152.47,1.5103,1.0339,0.9631,100.94,93.83,4.312,3.306,1395.95,1475.25,656.12
5/24/2013,97.72,0.9647,0.8548,1.2932,153.22,1.5127,1.0318,0.9617,101.29,94.15,4.237,3.292,1385.25,1475.25,656.12
5/23/2013,99.49,0.9751,0.8562,1.2936,154.14,1.5108,1.0305,0.9688,102.03,94.25,4.261,3.3,1392,1493.75,662.12
5/22/2013,100.03,0.9698,0.8545,1.2858,155.24,1.5049,1.037,0.9783,103.16,94.28,4.186,3.377,1367.6,1494.38,658.62
5/21/2013,100.48,0.9804,0.8516,1.2907,155.34,1.5155,1.0266,0.9701,102.5,96.16,4.192,3.339,1377.8,1478.75,638.62
5/20/2013,100.32,0.9809,0.8446,1.2884,156.01,1.5255,1.0241,0.9668,102.27,96.71,4.09,3.357,1384.3,1465.12,649.88
5/17/2013,100.39,0.9728,0.8464,1.2839,156.57,1.5171,1.0279,0.9725,103.21,96.02,4.055,3.321,1364.9,1448.5,653.12
5/16/2013,100.3,0.9809,0.8436,1.2882,156.15,1.5271,1.0194,0.9647,102.25,95.16,3.932,3.292,1387.1,1429.12,642
5/15/2013,101.2,0.9899,0.8459,1.2887,155.75,1.5235,1.0157,0.9649,102.23,94.3,4.07,3.267,1396.5,1413.88,650.62
5/14/2013,101.24,0.989,0.8494,1.292,155.71,1.5212,1.018,0.967,102.36,94.21,4.024,3.291,1424.7,1416.38,652.88
5/13/2013,101.34,0.9953,0.8481,1.2976,155.78,1.5298,1.0107,0.9572,101.83,95.17,3.925,3.362,1434.5,1419.5,656.5
5/10/2013,101.84,1.0023,0.8457,1.2993,156.13,1.5365,1.0099,0.9568,101.61,96.04,3.91,3.356,1436.8,1398.62,636.75
5/9/2013,101.55,1.0093,0.8443,1.3043,155.43,1.5449,1.0069,0.9482,100.61,96.39,3.983,3.341,1468.8,1409.38,647.38
5/8/2013,100.69,1.0171,0.8467,1.3153,153.79,1.5534,1.003,0.9357,99,96.62,3.978,3.371,1473.9,1391.38,633.38
5/7/2013,100.85,1.0186,0.8446,1.3078,153.33,1.5486,1.0043,0.9404,99.02,95.62,3.92,3.3,1449,1382.5,639.62
5/6/2013,101.86,1.0254,0.8413,1.3076,154.41,1.5542,1.0068,0.9384,99.34,96.16,4.011,3.31,1468.1,1368.25,636.5
5/3/2013,102.19,1.0319,0.8422,1.3115,154.22,1.5573,1.008,0.9354,99.03,95.61,4.041,3.313,1464.3,1387.38,661.62
5/2/2013,100.41,1.0249,0.8409,1.3064,152.19,1.5535,1.0104,0.9349,97.97,93.99,4.025,3.104,1467.7,1373.88,662
5/1/2013,100.1,1.0278,0.8473,1.3179,151.49,1.5555,1.0085,0.9274,97.39,91.03,4.326,3.083,1446.3,1372.62,646.5
4/30/2013,101.03,1.0371,0.8477,1.3167,151.33,1.5533,1.0073,0.9293,97.42,93.46,4.343,3.188,1472.2,1396.5,648.88
4/29/2013,101.19,1.035,0.845,1.3099,151.54,1.5501,1.0112,0.9365,97.77,94.5,4.392,3.225,1467.4,1408.62,659.88
4/26/2013,100.8,1.028,0.8417,1.3029,151.78,1.5479,1.0169,0.9424,98.05,93,4.151,3.185,1453.6,1431,643.88
4/25/2013,102.17,1.0293,0.8431,1.3013,153.19,1.5433,1.0198,0.9447,99.25,93.64,4.167,3.238,1461.8,1424,645.38
4/24/2013,102.25,1.0277,0.8525,1.3016,151.9,1.5268,1.0256,0.9468,99.48,91.43,4.166,3.158,1423.4,1404.38,638.88
4/23/2013,102.08,1.0263,0.8531,1.2999,151.56,1.5238,1.0257,0.9456,99.47,89.18,4.238,3.094,1408.6,1419.12,638.38
4/22/2013,101.95,1.0275,0.8545,1.3067,151.75,1.5293,1.0255,0.9342,99.22,88.76,4.267,3.132,1421,1418,646
4/19/2013,102.28,1.0275,0.857,1.3052,151.58,1.5232,1.0265,0.9334,99.52,88.01,4.408,3.151,1395.3,1427.38,651.88
4/18/2013,101.14,1.0302,0.854,1.3052,150.03,1.528,1.0259,0.9326,98.17,87.73,4.401,3.204,1392,1431.75,644.38
4/17/2013,101.14,1.0297,0.8553,1.3031,149.66,1.5238,1.0264,0.9328,98.11,86.68,4.214,3.188,1382.2,1421.12,659
4/16/2013,101.36,1.0391,0.8577,1.3177,149.91,1.5362,1.021,0.9224,97.54,88.72,4.16,3.307,1386.8,1412.38,663.38
4/15/2013,99.32,1.0313,0.8532,1.3036,147.28,1.5285,1.0256,0.9314,96.78,88.71,4.137,3.28,1360.6,1395.88,645.62
4/12/2013,103.39,1.0508,0.8545,1.3112,150.93,1.5342,1.0136,0.9274,98.4,91.29,4.222,3.349,1501,1413.25,658.62
4/11/2013,105.06,1.0545,0.8517,1.3103,153.4,1.5384,1.0104,0.9308,99.68,93.51,4.139,3.428,1564.3,1401.75,650.62
4/10/2013,105.2,1.0542,0.8525,1.307,152.93,1.5331,1.0142,0.9326,99.78,94.64,4.085,3.414,1558.3,1393.12,649.12
4/9/2013,103.91,1.0488,0.8537,1.3082,151.74,1.5322,1.0165,0.9325,99.03,94.2,4.017,3.438,1586.2,1395.75,643.88
4/8/2013,103.47,1.0412,0.8532,1.3009,151.64,1.5254,1.0167,0.9349,99.36,93.36,4.082,3.368,1572,1377.38,633.75
4/5/2013,101.2,1.0376,0.8469,1.2991,149.59,1.5335,1.0175,0.9348,97.53,92.7,4.125,3.34,1575.4,1362.25,628.88
4/4/2013,100.47,1.0436,0.849,1.2935,146.74,1.5235,1.0128,0.9399,96.34,93.26,3.947,3.345,1551.8,1368.25,629.25
4/3/2013,97.33,1.0462,0.8488,1.2851,140.84,1.5128,1.0146,0.945,93.06,94.45,3.9,3.325,1552.8,1381.75,642.88
4/2/2013,97.62,1.0448,0.8487,1.2819,141.1,1.5104,1.0146,0.9488,93.44,97.19,3.969,3.372,1575.1,1392.5,641.88
4/1/2013,97.25,1.0424,0.8434,1.2849,142.1,1.5229,1.0168,0.9466,93.23,97.07,4.015,3.368,1600,1393.75,645.88
3/29/2013,98.17,1.0419,0.843,1.282,143.28,1.5203,1.0174,0.9494,94.22,97.23,4.024,3.395,1594.8,1404.38,695.12
3/28/2013,98.06,1.0412,0.8436,1.2815,143.1,1.5193,1.0162,0.9498,94.14,97.23,4.024,3.395,1594.8,1404.38,695.12
3/27/2013,98.64,1.0445,0.8446,1.278,142.97,1.5131,1.016,0.954,94.44,96.58,4.068,3.435,1606.2,1453.5,733.62
3/26/2013,98.98,1.0485,0.8482,1.2861,143.19,1.5159,1.016,0.9483,94.44,96.34,3.976,3.433,1595.8,1446.5,729.38
3/25/2013,98.48,1.0467,0.847,1.2852,142.88,1.5174,1.0213,0.9483,94.17,94.81,3.865,3.435,1604.6,1437.38,730.62
3/22/2013,98.7,1.0445,0.8527,1.2988,143.96,1.5231,1.0232,0.9407,94.52,93.71,3.927,3.454,1606.2,1439.62,726.12
3/21/2013,99.05,1.0438,0.8503,1.2898,143.99,1.5173,1.0252,0.9464,94.89,92.45,3.935,3.423,1613.8,1447.38,731
3/20/2013,99.67,1.0379,0.8565,1.2933,145.02,1.5097,1.026,0.9453,96.03,92.96,3.96,3.436,1607.5,1423.25,730.38
3/19/2013,98.59,1.0369,0.8527,1.2882,143.56,1.5099,1.0268,0.9469,95.16,92.16,3.969,3.396,1611.3,1411.38,727.62
3/18/2013,99,1.0401,0.8576,1.2956,143.77,1.5106,1.0223,0.9462,95.22,93.74,3.882,3.417,1604.6,1410.25,719.12
3/15/2013,99.22,1.0409,0.8652,1.3076,144.03,1.5116,1.0193,0.9388,95.28,93.45,3.872,3.508,1592.5,1426.38,717.88
3/14/2013,99.75,1.0384,0.8622,1.3005,144.91,1.5082,1.0223,0.9472,96.11,93.03,3.812,3.523,1590.6,1436.62,715.38
3/13/2013,98.99,1.0298,0.8685,1.2961,143.4,1.4922,1.0276,0.9524,96.11,92.52,3.68,3.51,1588.3,1448.25,711
3/12/2013,99.13,1.0324,0.8742,1.3034,143.21,1.4904,1.0257,0.9471,96.08,92.54,3.645,3.538,1591.5,1468.38,713.25
3/11/2013,99,1.0282,0.8748,1.3045,143.62,1.4914,1.0259,0.9473,96.28,92.06,3.649,3.5,1577.8,1478.38,710.38
3/8/2013,98.3,1.0233,0.8712,1.3006,143.37,1.4917,1.0285,0.9514,96.03,91.95,3.629,3.491,1576.6,1472.62,703.38
3/7/2013,97.41,1.0267,0.8729,1.3107,142.41,1.5014,1.0294,0.9427,94.83,91.56,3.582,3.502,1574.8,1472.12,691.62
3/6/2013,96.31,1.0232,0.864,1.2967,141.41,1.5018,1.0319,0.9487,94.08,90.43,3.47,3.474,1574.6,1462.75,688.62
3/5/2013,95.6,1.0258,0.8625,1.3052,141.09,1.5127,1.0271,0.9409,93.29,90.82,3.529,3.497,1574.6,1466.38,706.88
3/4/2013,95.22,1.0196,0.8619,1.3027,141.17,1.5115,1.0273,0.9409,93.48,90.12,3.529,3.483,1572.1,1462.88,704.25
3/1/2013,95.38,1.0203,0.8664,1.3021,140.6,1.5038,1.0269,0.943,93.59,90.68,3.456,3.482,1571.9,1444.5,708.75
2/28/2013,94.59,1.0214,0.8616,1.3056,140.44,1.5162,1.0306,0.9365,92.56,92.05,3.486,3.527,1577.7,1448.75,703.12
2/27/2013,94.33,1.0233,0.8669,1.3139,139.77,1.5159,1.0228,0.9298,92.23,92.76,3.434,3.545,1595.2,1439.38,696.38
2/26/2013,94.01,1.0228,0.8632,1.3061,139.04,1.5124,1.026,0.9319,91.98,92.63,3.427,3.567,1615.2,1435.88,694.62
2/25/2013,94.03,1.0258,0.8613,1.3062,138.75,1.5163,1.0261,0.9324,91.81,93.11,3.414,3.541,1586.2,1434.75,685.62
2/22/2013,96.5,1.032,0.8648,1.3191,142.44,1.5163,1.0214,0.9294,93.41,93.13,3.291,3.53,1572.4,1459.88,690.62
2/21/2013,95.35,1.0246,0.8648,1.3189,141.96,1.5254,1.0185,0.931,93.11,92.84,3.246,3.55,1578.2,1490.12,692.88
2/20/2013,95.94,1.0257,0.8716,1.3281,142.69,1.5234,1.0167,0.9272,93.56,94.46,3.279,3.606,1577.6,1479.25,700.38
2/19/2013,96.84,1.0354,0.8678,1.3388,144.31,1.5424,1.0113,0.9226,93.58,96.66,3.272,3.644,1603.6,1471.12,696.88
2/18/2013,96.75,1.0307,0.8632,1.3352,145.31,1.5466,1.0106,0.9235,93.95,95.86,3.153,3.691,1608.8,1425.5,697.88
2/15/2013,96.38,1.0306,0.8611,1.3363,145.12,1.5518,1.0064,0.9214,93.52,95.86,3.153,3.731,1608.8,1425.5,697.88
2/14/2013,96.17,1.0359,0.8622,1.3361,143.81,1.5494,1.001,0.9211,92.88,97.31,3.163,3.73,1634.7,1421,696.5
2/13/2013,96.72,1.0371,0.8656,1.3454,145.19,1.5543,1.0019,0.9169,93.39,97.01,3.306,3.734,1644.2,1425.88,696.38
2/12/2013,96.34,1.0307,0.8591,1.3454,146.41,1.5663,1.0022,0.9171,93.47,97.51,3.23,3.736,1648.7,1426,697.88
2/11/2013,96.54,1.0255,0.8558,1.3406,147.19,1.5659,1.0048,0.9203,94.33,97.03,3.279,3.718,1648.2,1433.5,701.38
2/8/2013,95.72,1.032,0.846,1.3365,146.49,1.5798,1.0024,0.9175,92.69,95.72,3.272,3.753,1666,1453.38,709.88
2/7/2013,96.22,1.0281,0.8529,1.3397,146.95,1.5716,0.9979,0.9185,93.63,95.83,3.285,3.72,1670.4,1486.12,710.88
2/6/2013,96.56,1.0319,0.8634,1.3522,146.49,1.5662,0.9957,0.9102,93.64,96.62,3.418,3.733,1677.7,1486,721.38
2/5/2013,97.27,1.0388,0.8675,1.3583,146.48,1.5658,0.9956,0.9084,93.63,96.64,3.399,3.761,1672.4,1493,727.25
2/4/2013,96.35,1.0438,0.8575,1.3514,145.55,1.5762,0.9988,0.9084,92.38,96.17,3.315,3.759,1675.3,1489.12,733.62
2/1/2013,96.48,1.0407,0.8692,1.364,145.72,1.5693,0.9964,0.9082,92.72,97.77,3.301,3.776,1669.4,1476.12,735.62
1/31/2013,95.5,1.0424,0.8563,1.3579,145.18,1.5857,0.997,0.91,91.72,97.49,3.339,3.724,1660.6,1470.62,740.62
1/30/2013,94.82,1.0417,0.8585,1.3568,143.88,1.5801,1.0014,0.9108,91.08,97.94,3.335,3.74,1679.9,1478,740.5
1/29/2013,95,1.0475,0.8561,1.3493,143.01,1.5763,1.0009,0.9213,90.73,97.57,3.226,3.678,1660.7,1450.12,727.38
1/28/2013,94.53,1.0417,0.8574,1.3456,142.44,1.5695,1.0061,0.9262,90.85,96.44,3.289,3.649,1652.4,1445.38,728.38
1/25/2013,94.79,1.0424,0.8518,1.3461,143.66,1.5803,1.0057,0.9264,90.92,95.88,3.444,3.639,1656.4,1440.62,720.12
1/24/2013,94.54,1.0451,0.8471,1.3376,142.71,1.5789,1.0025,0.9291,90.33,95.95,3.446,3.664,1669.5,1439,725.38
1/23/2013,93.61,1.0555,0.8406,1.3318,140.6,1.5846,0.9991,0.9293,88.61,95.23,3.554,3.671,1686.3,1431.38,718.38
1/22/2013,93.78,1.0566,0.8413,1.3321,140.5,1.584,0.9919,0.9293,88.71,96.24,3.558,3.691,1692.8,1448.62,727.12
1/21/2013,94.27,1.0516,0.841,1.3314,141.86,1.583,0.9929,0.9325,89.61,95.56,3.566,3.67,1686.6,1428.38,727.38
1/18/2013,94.67,1.0511,0.839,1.3319,143,1.5868,0.9918,0.9353,90.08,95.56,3.566,3.663,1686.6,1428.38,727.38
1/17/2013,94.77,1.0546,0.836,1.3377,143.79,1.5993,0.9859,0.9327,89.88,95.49,3.494,3.647,1690.4,1436.88,726.88
1/16/2013,93.47,1.0573,0.8303,1.329,141.51,1.6007,0.9859,0.9311,88.39,94.24,3.435,3.591,1682.7,1438.88,731.62
1/15/2013,93.7,1.0566,0.8282,1.3304,142.54,1.6066,0.9841,0.9319,88.79,93.28,3.455,3.623,1683.4,1415.88,729.88
1/14/2013,94.45,1.0566,0.832,1.3383,143.79,1.6078,0.9838,0.9219,89.47,94.14,3.373,3.619,1668.9,1417.88,723.88
1/11/2013,94,1.0536,0.8273,1.3344,143.84,1.6133,0.9848,0.9135,89.18,93.56,3.327,3.639,1660,1375.88,709.25
1/10/2013,93.86,1.0597,0.8208,1.3271,143.06,1.6167,0.9832,0.9141,88.78,93.82,3.193,3.695,1677.3,1376.5,696.88
1/9/2013,92.29,1.0514,0.8152,1.3064,140.68,1.6022,0.9877,0.9253,87.88,93.1,3.113,3.656,1654.8,1387.25,696.38
1/8/2013,91.5,1.0503,0.8149,1.3082,139.88,1.6056,0.9867,0.9242,87.05,93.15,3.218,3.657,1661.5,1384.38,688.88
1/7/2013,92.22,1.0503,0.8138,1.3116,141.49,1.6114,0.9857,0.9213,87.78,93.19,3.266,3.663,1645.5,1390.62,686.38
